,A,B,C,D,E
0,1679.914263043629,6.784674541666697,9.258527310912877,-47.472838700710454,23.607509093127778
1,8.900417451680003,3.0346914913331737,65.9193388611382,-2.248837287561067,-13.075407998733738
2,20.99022708361397,0.1774621431420829,91.65521071360818,320.39040674178386,17.204649831654574
3,-5.186383757170564,-94.31169234611582,-101.33417239563751,-25.642396294704014,2.0144238362887408
4,14.936300318391424,-16.353467475456092,186.65740300476196,335.0474398153258,-20.422171273437613
5,118.56120454387342,-182.24338655123827,-138.1036843437278,-9.033218543677421,234.51216655868095
6,83.91331501161453,0.3333933854345768,-81.64206833337592,-8.798297934371378,-24.94201258617559
7,-0.8614911211690262,45.551478136391964,-78.80918252461223,30.828686372474973,16.273086884246144
8,-294.69696055439516,0.9487358841698245,2.253253133347087,-16.706564814926402,-42.355957104907745
9,-1008.5613842613128,-0.9754860316250349,-6.972995876159965,-613.6423410686608,-112.66188157925448
10,140.80401899294802,9.281952919854314,0.2872389152234664,42.08780875501399,-15.05123591422481
11,-26.9553149177944,16.911279537695798,1.2156603599883604,46.037766375151065,7.5006822938766415
12,-45.6571102448709,-21.821248683095657,-1.2489086438462753,212.73157257380728,-6679.179117415529
13,24.59190117615396,-2.19405150172584,1.8938733379635033,-45.02307893122817,2.0083747571441295
14,-619.7330881243031,11.197374232307162,-69.94508962670766,8.408105073747356,-491.81004700538074
15,35.6112409216164,-2.3817179853788883,319.49383605320435,3.264558332462513,-2.4795385500692313
16,0.6889694579234878,-6.007841590659489,24.435583770259473,-139.48714942587804,-2562.740465598962
17,3.723292794682439,14.356387604543576,-6.7263730898355005,152.66990163619025,-185.77931961567006
18,-32.81521288392173,-9.534349236101459,104.7652997761399,8.317633850135056,211.2867073774648
19,-16.66696865485703,-0.4624585697802247,-1409.26324674762,142.49336312431132,4.293630155191744
20,6.027839583524871,104.51273632484485,32.06751079044412,84.02794414707954,3.0140547267870836
21,-3705.2065401281193,0.5528962450133527,14.758580910684874,275.78555450203555,0.19907964900405734
22,-37.36598628253932,1.034636353374331,-11.480907677565572,205.14024703262524,59.77826589965736
23,-1.0299594505091896,67.69370334136642,-0.8512676980610645,33.548882612780986,-12.539545385092888
24,1.138703421479446,-15.490935503224994,23.72882026271436,17.403363714171505,-1.0532499886075728
25,-0.5669457091349046,16.023175025695267,4.7256755685050384,-8.675825795607675,-7.950677430151265
26,-2.944004204416453,-26.158404915138366,-61.214002402769395,-429.23517142702997,-78.31232447763233
27,-76.35534990083913,1.4737357893960017,-13.152193816848724,2.1411660055540143,28.78955779395435
28,-0.7357618305695455,-148.88294320656493,-67.12590345695764,-161.60998617867054,11.071532342388462
29,15.678316907045906,-7.99720160154435,-1312.8443330839693,4.936521310753081,15.242315860822226
30,29.02806727610977,-0.6751997443241933,-25.41647619431908,8.349126207136562,-389.99328141180314
31,-8.09609539622613,11.731127291106006,488.66250075315986,262.41944207080746,-74.56097951939616
32,943.6793270823324,-83.19537687332856,19.82717150582991,-11.42481630596241,-85.34815137931662
33,-2.7197031684909954,-51.053229884611504,-66.52414456667603,3.1881127131483344,-12.39182098165182
34,-1.3987855297279277,4.844373008796486,-46.47952374306336,373.8899064783138,20.564899520651096
35,8.183564823699339,-0.3274288299096241,-126.52903631900463,28.55185043057178,22.16530000714352
36,-105.62244958238293,2.07828673868292,12.345138192759826,10.256075040291504,29.06511206068023
37,-18.01428320734603,67.53211877507894,-55.22037486220232,32.45846600686624,-25.49369968638103
38,0.3681132057554108,-3.9022945616549927,-0.01211134344024613,295.70435800948803,-37.716650426351386
39,131.54376294994586,14.149771732632148,-39.48834320608305,-50.133647104507794,-0.6728390111994195
40,92.17496914399435,12.245864741364342,22.270428671229052,2.138969682286851,-53.649387233725456
41,26.65253557331885,10.899291774542535,7.54460994345483,-24.877285958895836,9.714692384477013
42,-9.67974351421524,6.7201756841510045,-106.75896507993453,-738.551452954998,-34.424577675183485
43,-9.76421029325029,2.0619479731788775,4.4357182792512635,-16.82744915760058,-134.0842083662363
44,-285.8696972285812,12.713068401332086,-5.197240416326688,-53.92328581027348,-72.8014281254681
45,61.06008687682421,6.826376735400494,1.3830928148531156,7.109258083655581,-8.186579467777541
46,-52.05160520401784,-3.030080384309006,-8.160812144501838,-90.51917798085987,-0.4853510674483261
47,19.63580588580039,-53.85932347984497,-155.8026751521788,161.48120513834039,-1143.6705542258155
48,-214.5556387234854,-45.630708051847634,228.6386201853087,-0.2721691785774738,1.7276014586303508
49,158.82532365100164,3.65556505266374,-3.6342367591858653,-3.9758806725579325,4.0967077931557485
50,-4.710690422259944,4.985008212156121,-22.1134227611108,-180.7272179915705,-8.430545578852374
51,-34.32445079410778,0.14130140024855653,-75.52270568476192,-4.516194417433733,-1.0018303949448573
52,52.86820068570114,-9.713919406882377,-121.21606340870717,20.139946219229564,416.57285461850483
53,48.166420089508286,-14.10247133858478,-44.95059950498943,-3.11014464748961,5.366845185946268
54,-55.69619760016883,-0.6333966684164622,19.997570628044457,-10.376942556821438,819.248651684932
55,753.5753746852012,11.264721546526046,-29.497564519889185,7.600499888226954,-822.5238303436057
56,348.54091522822284,-11.56141966298887,0.6603087613625518,-22.792911078489293,-42.63728388342443
57,-65.90029753274128,19.636329143369963,332.7560683089615,-17.35502239063149,-2.176666924779053
58,0.4629525534406491,-59.1525680654572,-22.198947571905403,77.04456728551811,-6.8268177892175235
59,38.95101755001831,-5.780505225457845,70.74001074740676,87.189108167737,123.73228319678552
60,-384.28852824743655,-7.059565885715274,-116.26638030845301,-74.54577426056731,-1.4508574661116185
61,1718.3737842157213,-5.639340221815894,5.01120446449493,-122.12486195891546,12.046624366693457
62,0.5151086032216119,-28.31540854077055,-167.1754592185685,-14.781969613528624,-17.16739025445904
63,4.996192306456599,69.569349755981,-186.14470639658722,7.608325265430918,0.17113067097400342
64,-2418.152871494271,51.403038877647774,115.13805109751542,79.72917119728312,-4.029766614177548
65,403.511595228104,19.93508749946339,119.32181732773635,-529.6950519504054,1.689808386665192
66,69.4350858361563,39.68933456938454,-5.129267395708203,-2.8797481283275848,55.68534565767258
67,1.4241501348430234,-83.49897895932253,106.44820840394756,17.213975441742978,-11.94032336649527
68,344.68090238251983,-4.687989111199923,8.68156555107709,-15.803580100309075,2.561466337282558
69,-2.2542751301944595,-46.85641989813787,-7.311625986036771,5738.294311164545,84.22629669028598
70,-1.4349052700150418,3.1200757512419557,-6.584604470785207,365.29203612788655,6.460768891112556
71,-77.79304531669634,245.5663935523056,1743.9387415065362,-97.3871091320807,166.69040818771606
72,-9.856300361155178,2.8884189910341505,0.20183549890172262,-176.79413254068558,150.71561673861524
73,13.155121219824926,21.592724899388905,-66.36044741642831,12.043553947235061,33.956403398574416
74,-31.562206937093354,-7.075186945028011,24.124193227263554,105.3630888944928,-536.0785905504111
75,114.90146181794287,23.766945909853288,-80.91478101538519,31.629534713189475,-169.92652465956513
76,46.87690392454973,0.8916069611820772,-3.082470748172294,38.43592215525097,252.08532717209837
77,18.585704427835577,15.431999984476784,-128.3297345701884,165.72380551978452,26.4190663072172
78,11.810196848243857,79.48326864950788,79.76124081614653,3.659370266152696,19.34901887206513
79,185.15984111443063,0.4109892046003319,-3.494228278132662,-0.8250643255977851,-14.892390203316824
80,47.02232825128924,65.59363514587088,-2.568832286836234,-96.82864967492212,-841.1287644434126
81,-209.60054645543104,-177.81078646457357,-102.58869674564868,-36.168301813050604,-29.113537965091854
82,-926.702359725514,71.02794228561447,0.4116816548008464,-73.63015279626501,-0.40033486303399995
83,1.1274499405650116,-11.243298991259099,-30.898838232396958,66.39352175449032,1.6260556988156754
84,-8.230518291779322,-0.07144174482909864,9.780728625726113,-1.5369140507910448,-16.305149623450937
85,476.8728378745444,4.279843575724393,-58.42772492703092,29.726884686977336,1.7325848451922539
86,6.245142814665805,7.749476398738618,-22.019438917129524,-35.79792108879389,311.32513571363233
87,387.2579803101235,0.08191674950397132,-83.0411764928136,0.911487346941518,0.6943758639814399
88,-40.675272430700936,-25.421393978060806,-0.7447835404904019,-0.5857158369265852,-69.68220106809329
89,-42.73927221663326,2.199502884503433,4.311742620135227,0.0070746467665392596,-63.08787460338441
90,4.330513962744835,14.879175042391244,220.95521149752236,177.23799829612673,3.6888105621507763
91,-14.45750489390486,-143.18239257686315,-111.06968856612546,-60.09284711055479,-27.378071999857728
92,-69.33235162857684,3.2840465291719454,29.766694889398437,-63.0092597704904,-17.1420115617824
93,-12.727126141915363,-3.3027129497599277,-4.375326757107537,282.7921606686069,9.680732531431758
94,-191.4251413551949,190.60746425908118,22.223569850496325,2.253555018479377,-3.9693720401168386
95,-30.179535906398907,-19.157165410183964,0.5762351059395127,61.59464237925248,211.11146828177047
96,189.05062547199657,565.2298324451215,-18.91107894582257,-818.7136953583439,-116.76183167595994
97,21.49513065220361,-1.4735267543343962,-5.18501999115458,-182.74127835798723,2.767210887142504
98,-19.961539622265704,9.994038995074662,-32.97689900284115,330.0252340471185,239.95403164383526
99,305.0140640624108,-10.523827629725726,-35.76304357657316,400.5411063202148,7.582628938634061
100,20.464753243272355,21.772006999341855,-112.64558864049373,4.109253373249386,-1396.581592261927
101,21.577314645374372,-40.19130584634286,21.691364233000403,-48.15998827805874,-54.33820538054309
102,-2.1562281889230013,3.2090156737265536,-69.06414245314684,-5.087158303907175,-53.10647655955909
103,-90.9382772749298,-6.992696730636037,113.44743930340915,-74.40051254052376,-2.253713799242761
104,0.07934770266206939,9.314563401130862,2.160178582897483,5.414861005116934,-64.05085680439223
105,-29.696561333445374,-0.2170960780470206,12.9648438365346,0.5473945321110159,48.50485931567607
106,-474.9100611898767,-66.69329347065643,69.71278611488987,141.40140953613252,-160.93184237774364
107,-5.597184702756806,-2.97391368653786,-1.412304329307767,-2.0205985050676745,-180.48352538628095
108,-7.275682240482507,-148.35717473787628,-17.187590794526347,-21.799141057891646,1.6716858610518481
109,5.334124393507428,-8.402273382118592,-72.8743344938357,55.717544150491,10.552126527110955
110,0.24285728842314472,1.6115765055170799,3.4766681220563505,194.57793615105427,127.81072087574137
111,3.534317887983827,3.6174469895475365,4.453600966313003,-10.263199363262197,708.0768836269995
112,1.2805061741885666,-114.48230097970544,4.759471277174338,112.83012494875028,13.412524967211862
113,151.64574403911,-27.41125471817652,12.578037224772672,184.53582951470378,43.4396433982866
114,-28.0239497319766,16.110839051484245,0.5852074715288642,322.15894261956686,-140.1887342521222
115,14.217823676696463,2.755654373982022,2.0666217498088435,-85.7425167635665,15.606638142252212
116,-4.97931749917166,-6.240737352473239,-230.8553856082717,20.84369447583467,-187.02028942690123
117,28.939777946983895,-21.193383088368357,5.383233868753847,-1.22400147508727,-4.499102983815129
118,-60.441855048103115,85.29916039823952,-6.208399924693026,-24.389471745514964,-0.36148259997228305
119,68.73270159799948,-17.124371061609622,-21.11574684170818,20.112473984103257,40.31871335633199
120,2.7655148386326287,165.25774645803432,-206.6293552303267,-139.92873327321723,1.9952982575995917
121,-0.6893714544019168,72.20002395412591,30.481417107184658,-13.148673280542665,-19.788183830413924
122,19.010773426402327,10.989932933768275,-12.056648088285785,25.923164301866226,24.079923899641443
123,0.8560505300593392,0.13755636915049071,11.43995602499135,690.1880918589962,-18.63398092003824
124,212.8124117430905,0.377918002357407,0.016885391128096255,15.98941687267635,7.639257950519793
125,91.33005196938353,-0.2534586344918211,563.3561978330877,0.036135277174332396,139.36981221536064
126,0.16217703970220732,0.08784691233616258,12.379969154592327,-3.6966568106428754,-45.69455268147639
127,33.82961544807164,-10.732664690161753,-118.84412648251757,81.72952746681808,56.85597621190334
128,4507.636329987807,0.9186319036779472,125.60089353447245,-7.379052054281635,-124.57807878871212
129,-36.18080236425152,7.240287811944191,-123.50786108312063,-46.23778149278385,0.6838421972395544
130,-0.09159189782878137,20.18010498347466,-105.60541903050074,-709.096660852957,14.320355720201341
131,-3.1004109421314543,917.5246604905279,3.847537099113786,237.49011980403043,11.382179039984468
132,-127.62197817694585,6.21552894531857,10.148654037272367,-32.98592907787441,28.028854648796475
133,-555.3095507055812,-16.72662686432678,-1.2571295023399571,-27.910044193797592,3.244686064674036
134,-2.3381850297599502,0.15381523874211384,-67.58443058976616,10.746336021757754,1.7193409121676166
135,-5.3403120006727125,6.226244993569584,24.60154879222913,2.5066941736747763,-9.992863299987906
136,-2.035898887404081,1.193043115279454,-443.5931688621366,1.1618102801989052,-0.12417529595878615
137,20.7579490033143,-16.012516582989875,505.6401874487377,-63.376122943424996,51.60089629695509
138,-289.4532308207932,10.372064174648273,-0.7115892958822856,-206.516759149332,81.31083414422301
139,30.789055742838514,0.01776033006735417,-3.7580125641291118,209.92884921574574,96.55391045736607
140,-1.2548642633069094,-2.328084768909508,-22.262513442720714,-215.32933057654384,-172.3954920451769
141,0.17202993346353582,2.9585356532869063,-8.241575616565687,-40.21111190216552,-1.7887024614976228
142,-0.5673628677964895,7.454032238990987,-66.03136830490072,13.144211546645538,583.7041426844019
143,274.25898394795786,3.1492499362818753,31.615509319682456,-2.625074013558271,-76.45104488565859
144,20.095291037440063,-0.8828637579120514,14.068148860419287,-48.08112185155151,161.04799362791456
145,-50.24040448971036,60.43891222759688,-48.26952916792138,-194.95249298310313,44.55951223000981
146,-4.62956286556876,10.120285207192609,-26.08371195473147,-0.0988417835103709,-107.19820961727571
147,102.73532409695349,17.58365087715175,-12.273669032688245,79.28824998266987,10.40325076994401
148,125.79169289034203,1.1362529837212563,2.818824751510274,84.05800416219165,203.52531186849487
149,-726.1024473115768,-0.12284939506984285,10.560815994152447,245.32324833560963,63.21800808290719
150,15.079799065172043,0.24753315237587764,2333.3699800669406,-5.421036418370642,22.19062101335121
151,161.99362925054515,-0.3664953869210701,-9.685840273802123,33.59625816143974,-1.500562675397736
152,-47.75956406308389,0.18570229239441893,15.184520339481288,31.925360225029102,14.970931518584855
153,20.677063750931776,0.02499045156450306,30.981294549767437,-7.6020727461290845,-4.667978499718459
154,-5.5285224648515285,166.98200703742455,-41.6343097853136,60.82400417820668,64.06385999085269
155,6.310948284812687,-22.363092284406914,-15.451393285776,-6.851883883573628,-24.39405497797311
156,135.06528105810557,-9.159412218079087,649.1075465626473,17.92301086604362,-0.15563934291409648
157,-3.936833343855372,26.416880829447447,-121.93126842703836,73.3158611254047,-5.987549492189147
158,102.68500619366229,0.5511634133067665,-24.295105403649462,-90.70589659600579,13.57752223716932
159,-45.09312574574363,-203.936390912353,-63.06101923431406,-203.59181933656473,68.87088073765824
160,-801.793102306544,-454.0768112205151,-5.274026278196136,24.482817879061415,196.00893179771623
161,-8.884151518208299,-1.9853448215308052,-12.10394084825274,179.97099294039313,17.923330893718013
162,-117.2949318636242,-0.5295339570480271,7.892838234631672,0.35765815324705674,127.27289240294202
163,31.887564200550944,2.193163535713247,5.6498997818560435,-1025.9642195841393,5041.406663760239
164,42.92173549300515,-14.265344388842227,-94.7752727421542,0.3740089581015016,24.47447068034423
165,470.4582984387203,28.46598847641906,-0.7166069595877217,-4.24935229379997,-837.4631792682717
166,-162.99052442889422,-0.5685346111687785,0.5065748343224198,-1.6784681319556083,-1.2890630821075215
167,7.28833174437929,-6.223901653837728,-22.265133522667238,15.661364767652584,113.96472480234151
168,11.659694993957057,2.76533652904288,46.88308821546695,-32.810700262417846,276.96712667997065
169,13.48970904677401,2.892353352619411,71.20224886953963,-27.51927473629105,34.195062994055476
170,9.760355477120838,-0.3863759110122545,809.8905135454618,-15.0684629853564,-331.9128822011419
171,-53.57617927158835,-2.0954834268048095,-83.47086133105645,-57.4523889381982,-165.2252369567544
172,19.893724236622766,-178.9055815360944,48.522739174235305,-24.587039433001298,-0.8980226307572062
173,-9.51842231864358,-6.122877073217411,-380.17055743285437,246.01512443094907,-0.3579837416275639
174,1206.5353164139112,-2.602810691689953,10.1763080521298,9.409010511623123,-38.43030008143872
175,296.8717816898576,0.4621304528180548,-5.010144004295725,18.095768360198818,-267.94430986798204
176,-1.3267178452400867,-31.53803088162012,9.078730170117325,27.825695486172656,-45.7902644476997
177,-18.943515965167542,-66.90242182562001,-0.3853837732046413,-0.8432397302888485,73.8336503925804
178,20.30849415434029,0.07967869385534591,6.655599572024594,-1.1105210867136917,202.50601443418205
179,0.3247573189793455,89.79130936644574,-4.270136639245074,76.0260873521624,77.34415018400843
180,6.888977271658325,93.96820804793414,-330.4130216088887,-54.2878394920731,-4.529905728240804
181,-5.920010108309032,0.2584323931296826,17.539888303027368,-26.402371035483167,292.38909216253927
182,35.63354863363793,2.0052480315157797,2.04664530396052,-528.2574095248572,28.64077389367946
183,2.479035685181163,-77.52316870084316,-129.76370707257777,-42.4398175526774,3.670303625037615
184,0.6316935729577459,-9.502011833912569,-5.48128782454772,63.66460863109045,-280.34325148061214
185,18.33173584637566,35.36294317837374,-284.8601158141497,-9.98896508217635,-4.914434252735889
186,-235.85935537508067,5.6813940530993765,4.912454933583184,-9.8123462747871,-0.7997079301117619
187,-61.31240935587176,-3.5059823098578153,139.01604972373917,53.52604592602539,-110.73185212961855
188,-1.398352800850866,8.622520485931872,-31.831348868781745,-1.4191459264812918,-694.4550123932747
189,-1.8783465126839813,-35.465354311571154,10.610664535935143,9.748726254769306,-131.04726925246362
190,-83.03383230524932,29.515196908480274,1.422166951037172,17.79192389472977,11.496672172304947
191,-827.8297307830974,-3.2228073755397726,4.997586729895031,-1.9877306321179387,53.91743821335295
192,-6.762115716032192,16.95176589062577,-31.197814944992764,-205.07856481584045,-183.54392475867007
193,59.57557771874623,1.4163310043330866,-88.05746432492958,71.12713022606692,47.1921947422856
194,11.569275967250194,10.603709663411614,945.0501364573481,-61.37074295034988,-31.496462750016946
195,-67.125258227322,28.2914378184722,-13.517834309669034,-560.2310043246979,5.170964835085334
196,-770.0326000408031,-55.313818521758144,33.97379233466727,-631.776729299103,1.475338733184849
197,99.00331906409941,-59.656174061983435,-89.23095541250957,1258.9798424577446,3.7221376212757953
198,19.151144117621314,62.67885277798927,4.115538870465877,2.344541066839754,881.284635426443
199,-6.328688752551451,3.387973183189896,-13.879034091609865,271.6515397189769,-241.38874124545117
200,-20.692537475368795,-2.168487090765809,68.12488316269453,-4.631238997298039,-172.93567487774612
201,2.7891433962870704,64.04615919865412,8.618572397179541,-103.75949641966358,-11.94241857442763
202,-42.60444094256841,32.54876211595815,-123.10968675827624,-33.380999733645346,10.512389349194972
203,4.42069737796324,-13.44673513707646,-3.2267803866314977,13.542650163909046,-121.73104481403728
204,946.7629994635778,-4.000441579596366,51.372770759034,1.1961261151957407,-4.219895372552021
205,-8.60498188517283,-7.4881632685807515,72.44434437733919,7.895986554925675,-87.07056574065678
206,-18.267638560151365,3.7855999743299122,3.3033249017733226,12.841864577669526,75.38899711784563
207,117.63477766007267,11.807974238208589,-0.3540514178181991,946.2074873764379,27.35550879895525
208,4.16492528641432,1.6268802496799453,-266.91589995931497,-6.6009601240788776,38.54780055878672
209,25.549299653553827,-84.87287977253251,-6.548296784262879,-1.5692092825594364,-81.67109696847982
210,-1.439962959240904,0.3838008803818855,-434.2618801094312,-36.63410495920725,169.69338433268592
211,66.10537021992265,-11.3244582040121,-27.64193834017116,7.234773967254334,172.12556337677117
212,-81.91507462090104,-12.866349821070163,96.34954219529386,-15.819139941372196,-157.88401725045853
213,1.3592842643454963,36.00898042424668,7.387694487445477,1.6365708994313066,9.87513919340915
214,-9.19219166922175,289.02862774987057,68.12038482123589,35.17865973673503,-11.414652267447064
215,99.82879125637851,-5.829269332861793,0.7651411786884921,5.8160397167837905,-27.947158911071973
216,40.33256463884085,-0.29301869571815703,75.865669890924,-26.141921151206596,-2.523747325700054
217,-54.19842690994047,-1.294750210955635,-5.489509416738764,296.1557333537004,1.1792261256279983
218,22.162799717970703,-30.80449677371621,-0.7218515103458173,-30.481204804538162,-48.260695143214136
219,-22.596745458892798,85.48473958814296,70.66469208507841,114.08826265099749,1.682013390368478
220,-232.4689793681599,-7.718221818361075,-4.1724551918897586,-125.94757639636052,289.17234730992055
221,841.7816559895767,-119.0070055500031,9.055687544968126,86.30519925333112,23.722297681367724
222,6.138088835267626,-104.32030747654886,474.0280828365956,-9.074143403813347,-314.94165886017777
223,48.7312744854826,137.85801747087666,12.564828483820246,-95.3628897212292,-2.570260000103626
224,-104.50121951556298,0.05613400809067094,-214.68408948352936,-35.34285062148838,-1.4486035714641785
225,270.7429827839613,0.8887102595968944,1.7922949672811705,-73.76878501066311,2113.815421388823
226,-9.385612569703158,-2.8105936091268484,-3.9167021790943597,2.372262124134488,51.59581343895162
227,-27.363780432017773,-136.5080979262203,0.6262776791226234,66.45737584210526,-4.425485342604016
228,-523.8861232748694,-74.89723657823279,-7.897215185368468,-14.197517321089638,6.060860037524381
229,1.1090171206262767,-3.3904593806166834,15.32493574691985,-0.37774255743443397,-3.663561911323894
230,-51.80682420931083,7.1614855313693635,290.48654171520946,-1.049795287357911,3.9625872900480297
231,-96.0207074731545,-0.1946646824382687,-8.617344169951332,-0.42730220955158654,-6.7335991794297465
232,-50.83434780119803,2.3838477495363493,0.23900226520245754,8.087660852655002,-137.20621903517042
233,-29.69659509343827,-5.4217193774197145,-2.8156821569414126,362.4848595388073,-110.51083936725176
234,49.6127983423032,9.895342537627407,110.11727798619937,40.14691221602492,-72.46703977292697
235,11.908028572801173,-442.98414691168415,15.89827080669534,-129.7907216136754,-410.08317210783713
236,-2.146271174145013,1.7734859628177486,-105.7020363145941,-121.31822478548845,154.1552254658013
237,60.63302498293683,2.8365817947786174,10.522714451820153,-61.5866886646075,-0.28027598397443737
238,-7.362018162650469,0.12605083224077562,450.52592364687933,-11.91168187437104,63.65886695770014
239,-3.3683187716436103,61.52862471222325,64.47040088295567,-187.34530126555092,22.81044444202195
240,2.459188509329467,-259.29949654180535,-84.72321168895654,36.40112657762155,2.2465460725147235
241,13.238019951424196,33.21715397276984,-1.087383523340003,-5.855364272656138,807.2784854640344
242,0.08016326425272285,-1.4644163324316635,18.358346957800837,-6.6273802737149055,-2.8077531022845355
243,-36.89340320532082,-7.170971260215322,-0.11682008846096013,-1.0061447998635291,21.396585591335942
244,-756.6082208440888,4.92898623854283,15.527062243381103,-55.71482218458418,2.7415848676112056
245,-2.325185582302212,-11.873244924572644,86.2934321347625,-9.780682789858277,-34.266205846483125
246,2.69670205361372,0.9250603527233354,-532.4497769522724,15.027632473984317,-153.95384296803465
247,-71.03171762573982,45.299098126908625,-14.168757766352416,-0.4653714065219565,-91.70307253277103
248,-99.88891977630782,2.819602302821486,-9.217989027513307,2.2315293717897395,15.37871602227339
249,-114.12203865737249,-55.713215295399,0.6060666721151498,-57.65288480057489,69.46895474337498
250,45.571059913370505,-1.6109525637473212,-2.992471127928314,-340.0157568558134,-324.99032125945183
251,-195.791094104109,55.71694472120116,88.40738221018914,-21.703329712390676,38.677395604478825
252,502.24625579844945,0.506979511166148,-9.460539310627452,56.63038019593954,5.094282752261115
253,0.9102421200544274,-1318.675340451498,-0.6852708138183778,30.84420482177089,-78.82755847910222
254,-124.35808328567916,1.8724992832429308,256.75611430745505,-1.6221092943483282,-77.44860776876916
255,5.482953132932833,213.95117345174864,63.671630865224195,-10.913231754252964,712.5949439412809
256,-11.048796921382523,-9.737479755351638,6.013019828678951,3.7233457530763028,1417.9551700660684
257,-3.8300617769872534,14.043575142218728,-6.959721932716645,26.731692398222783,135.11340193001985
258,196.52811537738236,29.22325072602521,-0.05914055455481487,-0.007822745343070446,-61.08642241201692
259,-14.920750319214704,-4.04187030565881,38.09391305249258,5.577596015582145,16.258043147800795
260,-11.43284423650572,-13.545338775649734,96.20869676816713,24.215411249391103,-782.012921793678
261,13.005137997840148,120.39565758107526,-111.4720850616875,40.483132431726666,2.075069106494931
262,-300.5050032310514,-0.6819138145844369,20.92802765063412,-1.2331059674896485,31.153742205748397
263,14.433817961766962,2.498103062202047,1.1727099404247152,144.80860443904137,-1.9739419523627828
264,3.7344543843207987,-1.196207668638799,-8.062795168906483,-6.848767696920019,52.02690013792701
265,-28.05576865902113,24.555859245362186,-65.95669992326685,-36.32192341738187,114.47486701393794
266,74.64245586366658,2.780704809788131,-47.252321884985165,-46.861821196006,11.933906283788197
267,-7.178880216549878,-54.66432833008786,-3.7624674491016217,885.057318007917,-3.027453317304203
268,-64.21935215380246,-1.8389791338486516,104.59615387058776,6.624907944641519,4.782886418030912
269,-309.41014330400947,5.303613608652726,-232.75985108285778,22.563455598608087,-59.05242146249007
270,124.49422404626124,11.904354940234057,-923.8324237774087,-82.42541907478326,-52.302947163680095
271,-16.69599119363432,-873.2613382881481,-382.6187192194163,-54.40180870277629,561.1544464465387
272,-0.8045132990093244,5.035839476577894,-269.2520886768882,-2.9077274134204028,-9.18982924379419
273,-297.4730903823627,11.202803510654737,-5.998330329538209,-0.955852215507558,-2.5867131357523743
274,-16.070093088184596,-11.40980210535113,-330.42567442527366,-1.4538312990612228,207.46300289129724
275,3.2079986702584717,-8.326328951443084,6.081604387312143,-0.13085912872447308,42.821756199211315
276,-4.3470126864176875,-19.32528724607588,1691.5578417931129,-53.26884354699805,15.895115145711243
277,-1.1326955187019558,22.559602403714713,-32.572647403297026,66.15245853569483,-1.8541143634145933
278,366.1347624383724,106.63195322133606,-16.52802669785627,516.8251508291419,-14.004367667655211
279,42.76060409420022,32.50885292510067,2.601345213840967,-2137.308926947787,13.109066362071301
280,28.22138563777621,18.87730697956399,-6.4847724593599425,85.78914656830851,-71.13014443017934
281,-102.81009212562056,2.0639103582300944,2.885367241383123,8.945569831554824,-134.01156705105188
282,-220.16910126970535,-17.0199031733618,88.00860766622627,2.9198225887024765,246.96613321375273
283,-36.229239302140435,6.429892174822368,-513.6917789652633,36.81426099833176,-68.33376872179112
284,-2.079669906931735,123.28715152033566,-4.728101220421381,-6.763690868320336,-18.837344441443843
285,-292.86738448822337,37.924397554903145,65.30817988660978,-1702.8844409500675,-43.1592270078176
286,-8.179043636649212,56.37951133279506,-6.010912077120603,222.91265060373064,-4.096910653416775
287,82.93920864709835,7.877864233061267,-449.3609725609411,859.215277292488,5.76144392241548
288,-29.63292111649532,15.913856649445846,510.30086109387094,-2.1104811895352196,16.497530426677464
289,-0.7773548530470273,-2.99753509507518,497.0390701354023,-1.5841728491194735,0.43958690465596595
290,48.14219681381894,0.4258702607812884,-4.550182129627016,2.65226469443736,-154.44616569786197
291,-10.605117068495236,-9.394670738514714,-3.6842516420420797,5.563238429205472,-3.582380333747723
292,17.1637755858648,17.423887977462396,0.8498115714658985,-208.89423414839,-3.7798418601672
293,-138.7891816532318,-32.38658114758258,-254.92098026024277,-150.46863700240158,-2.603408786704608
294,1119.238288517147,1.3903093533213229,4.892041765883732,5.300052635763719,-37.66125777184366
295,1.5281546767095016,14.142811853360529,7.740769604245245,-11.664217996335294,52.72208314860174
296,40.69803720487773,7.652240248870191,-2.348048527554594,380.6080090970212,7.91764757402215
297,19.68840406177781,-3.1733169610017016,-63.488562015329954,34.53459510965619,0.48716738402712456
298,-114.60469688603538,-0.23960546317791634,-80.82067771751257,-28.503818553845708,-15.271655806236877
299,2712.496549550263,-131.8001705124043,-0.9076043658688917,25.68686528692365,-7.195761834937258
300,49.62061232025426,60.17264516165834,36.16656418323125,35.27705293374956,-9.778117122361856
301,2.3451739566647647,-3.8848179420985014,1.2846165024291398,-0.12121548760636015,1.6657997976502106
302,-16.603269082777864,6.576848793878749,937.7396281258963,-13.53635845896918,-199.528919714476
303,-44.82096618528241,-1.5543899243337012,55.05844572261366,0.6772332729796294,-8.940598204296295
304,4.684421722717068,17.497219031558874,-1.2646520544531534,326.1858636661819,-2.528534906361773
305,26.406071355164553,-0.6303983695914681,-68.2182908710079,8.274084647790364,-1210.2146378482103
306,129.03688349564615,-0.04505442170988876,-53.89118863076562,-130.93789804409712,163.56872912279886
307,-19.069235551822157,5.066473857137027,-247.53534025635207,2.398710721319196,29.39387543421188
308,3.9052909919767522,-0.8576515858297167,-76.41695043484343,6.784143789427324,33.92299045538577
309,129.35651172800212,0.08961913101089515,151.07689461432562,2.776335444138997,19.21888731386267
310,-137.59427079543016,-3.4063140455683536,26.33795477679848,25.10357414778187,14.475030520680729
311,-0.9478595128452105,-233.0259945590275,0.46140156028758056,-3.4439526327037746,214.05044434480774
312,9.074754255879732,6.341702042609313,4.697149857291165,169.3480684359665,20.384322486835895
313,48.427485486475305,105.80570459502012,-53.26975589875575,0.48409333770139035,-11.052585494327529
314,200.27142533378793,-80.67453572955408,-127.51312588320086,6.3329838911629235,-8.646356799025007
315,-6.577053394970093,0.05137258786045519,16.047178597158307,-23.52989916201091,-5.02820558669632
316,349.0852692614242,-77.63922264253486,1.103563532557135,3.218718760229322,-47.015316160754246
317,-41.658538906101796,-28.51669613369706,-542.1157696149575,-47.47304149170891,21.91895952213828
318,48.30473564478429,-15.401343090750778,-25.003982474523625,4.030401581791668,-11.754920471818897
319,404.2947799625445,-155.21809231501163,119.3934358092935,-32.99358618563861,-74.17424545284781
320,-221.50397006516974,0.1532951413312412,-0.13449424799492887,8.439244252383586,-21.411708065875246
321,-32.8380251056975,55.919941401774594,0.5562673821185256,-5.902384363932382,35.551779939853944
322,-2.367368649971726,1.3797013770518025,53.95786410363041,30.565960997856227,16.42995723068209
323,-190.83311102594735,-9.867572591724732,1487.5009390044186,36.172285590835614,11.667230651294744
324,-544.8161168234263,5.931921466561005,-8.338796174458084,-51.41144117940339,1.0767027125252924
325,-58.596444215969576,-99.23214228420461,0.22006616983305402,230.60685792382944,-3.412430323337385
326,-2.4888676185052763,-25.679172730013622,-4.6871734827479345,-25.2888075616261,8.2484458372131
327,-195.14273010243525,239.96296951151737,29.295083536655167,9.410336455624819,-108.54129441740972
328,-147.28719706396402,-77.97839091842202,0.10762144169766834,23.128962305881668,-16.98023252728818
329,-6.890214087947741,0.22705166954108225,-1.0565383555585361,-1.7565795760882472,-8.163230810688699
330,-9.01145189180285,528.8921894192015,-29.178601201939593,-11.33844089961599,-204.06984782985123
331,5.3537957406868575,4.040182770854104,20.3209756962043,95.0044574784531,-133.5077513863211
332,-52.203499130147726,-8.356960510760146,-25.87347836297811,33.087694161714445,47.18208114210515
333,-11.84643254120296,-0.8320413809953133,1.5999479295514702,-209.36572802253835,-2.093205716181882
334,0.7096305565108275,0.6049663423438756,-583.9760563328954,-38.34572096787039,76.85265891061279
335,-14.60901714823914,30.9851882232738,-37.411285808367055,24.633398110576806,-365.5089570369265
336,241.23279877483185,3.935525879914118,-1331.6233393429843,-56.64295816198747,29.74980410584625
337,12.829170785544292,-4.729007369044845,21.527065250357897,4.441996556729058,0.05360212219095299
338,19.050901791830892,-172.7018451592887,-35.19095595761316,424.7965615244768,102.35392600636295
339,29.033082613280673,13.847073864051408,5.938180441111163,0.19150260226773333,-2.298300098066689
340,-0.5495331998373503,-10.236459852468057,9.763371612677126,2.5443017739025366,-31.79815793080639
341,1.7131576889805442,-17.88729053665799,147.83888127221275,-97.23171745232206,19.788216619101725
342,-77.2646581628217,45.041831005749145,-0.937757569727071,-3.055277957204204,154.80546919430506
343,-217.13417911861606,-72.00292501069686,1640.9086494464748,121.86594803336469,450.90832873346295
344,-31.08971258238796,-3.092451178729969,44.58204965368008,1.2410114900127875,2.8020304641227765
345,-967.1957488230722,25.09321185172533,1.8733847850651364,10.611512151733699,-162.12903307504536
346,17.279597439477037,-43.066148003826015,-1.2310445730612056,29.156228996210825,1.4376271518703703
347,-10.114123344290222,2.0988750130161273,-1.3697768149497056,-89.06817802853212,-67.16369221434029
348,1351.8747319525373,-362.5445309421065,785.3718703516099,245.07224141121793,36.55732758551554
349,-1.6889294940621074,7.104449780260922,43.127586484880325,-7.547947380902672,-55.285116939083224
350,266.43436100465993,0.5861636721701333,175.351851362013,-140.7385889925239,0.32100718782500953
351,-30.585836023381532,12.802833568779297,4.409085735319742,18.81295211506137,15.781415731605286
352,-2.1066301878778293,-225.05567183159178,-3.2640408819010553,-5.37957056820589,30.36826425377822
353,-13.789337524032604,-59.20516409595271,-0.4914309696784176,-2.5946960767294214,8.939424811128578
354,0.0681560870036627,15.316707608682687,15388.352114033465,-6.646383013361411,-20.627624511446403
355,-26.546801003857617,-177.70202708304498,76.08806108995354,-191.42298254976936,1066.4277606040437
356,34.34526232070801,-3.910432810234654,408.3440245953633,-1.0691004754660927,31.200903430953126
357,-1.697171223126146,-0.1761179325355138,484.06240508721146,10.677170382981785,13.71163666231695
358,50.78716486876839,-1.8674564834143714,-103.23136840327047,11.18617797297761,-205.9703416245483
359,-1.5710186060874316,2.1034885952081006,0.8544682944653808,1519.1422824514189,32.102440874995
360,52.325162966982425,1.7554782241040081,1.2893709715003696,714.7873328885202,37.05773076989343
361,35.49985323367861,-5.755471209876081,-136.6053882267918,14.054609177863968,-190.8686419270046
362,2.092821626051638,-1.697860236164673,702.5925853326852,-46.41032643850317,-1.6055106848196155
363,-26.28131325557004,-2.5267808824842413,3.2510711642509076,20.375887593970635,-85.01785913233165
364,-0.644531977879752,-1.079013887883056,-163.09176698106145,-105.77108930414205,-111.9109675808028
365,-389.7793504006991,-7.6864692482738874,-652.7867318670131,-92.2560954138168,259.5741163361002
366,-104.5769912564835,-0.365000817269726,3.7538098557529067,2.583916279830024,-77.42918049054038
367,32.81718050732076,2.3372857433722753,-36.84220720604995,-46.306023215976424,23.086517334840032
368,-0.8421929147866337,-3.6509778128016226,21.96926824531421,10.342920133120566,-6.521297695825246
369,24.766185262243507,-25.708388761959775,24.479321636301794,13.257820756924207,13.766085881038155
370,-8.059545827243552,-1.4450098568962861,-150.58779233760046,-531.0003508146993,-18.415252356375632
371,-2.9299970576641163,44.25043383652989,28.23384045416467,47.54811962322118,-16.877507883513324
372,121.33828286410956,16.245062843652217,25.777404040291703,-16341.669045849556,-57.092925460812374
373,-2.1435039163859937,-5.0735398657159605,-238.71064394673857,0.06117251058609828,10.504826146743168
374,-42.26699662878615,76.99361052370132,-27.486545083050117,-12.177845896543944,-1.2310763049117839
375,60.501343668177896,-0.3450417436958383,-37.4554181321761,2.0009842362868566,-5.946943818811099
376,-51.06663813932961,0.6195526111670977,6.691649352958046,191.58609586690366,239.40874926176798
377,-116.57311274203188,-14.0286169059826,-17.315211973262233,-73.97827603242013,-2.669035412495465
378,-1426.671076430256,26.32044680091964,-0.9595093455721451,10.499148774197101,-1500.9327165609036
379,13.788653106105768,-0.8756532734112975,-0.053708258917198236,570.4938580294825,-7.472527977205063
380,194.77749748448636,62.26069702902401,-28.933712946433538,-48.57235428513086,-22.109951431139564
381,504.1015259369991,0.16091558636422953,10.05658757029304,14.572710434297568,19.00274902076895
382,-1.3459361710711173,33.188837261816225,-53.364889497848836,-6.0183853430902765,-98.65497356841874
383,82.84205451433556,-23.460623018537355,-0.09159787329470562,42.349346940338826,-106.90167701562434
384,-11.087741653409829,14.040553880439774,-0.9934413614654806,-4361.27954288934,90.02980842670445
385,-359.0484655097819,-0.18296355221874233,-7.13646961890885,6.7630699018038625,141.07456092437727
386,-196.69816111353956,-1.126338883538257,341.9399162622136,-952.1093744065591,68.56243482872884
387,-3.7612267362958267,-0.022835200758608013,0.9872046774796921,-798.4652708804439,-28.105425720938975
388,183.30473606275967,-19.01536286913254,8.176465702122714,42.7890889544189,4.587096084307288
389,5.770186113129002,-0.6276506848054437,-18.794752827557783,-122.37528348902566,-2.0770655425181364
390,45.63831855248062,-13.945124769227927,21.202544931808518,78.51252991201028,572.8807474235203
391,58.94539956780091,-12.123208119607602,-38.37892203163271,0.5794356426316769,-16.261717307860902
392,-39.15818442178881,-8.42937755357568,-5.131702267036317,73.33105685695463,73.90388044918795
393,-6.33969944987807,9.186842402243341,-7.39179511955699,-47.663801435434294,3.0328247221218243
394,43.015307323472506,-4.562303367459301,-14.169019204655156,13.165018429773841,146.3883362602806
395,51.493260947477495,-0.9020684508472084,-1005.9164476072707,0.7302533255551551,-286.4284515819376
396,6.347606794648956,5.037802637772438,0.23825940432694692,-18.582791131610005,-43.26169662831484
397,-0.6255302976338468,0.9835408612336254,3.4056613455018865,31.219243814774373,265.30155032930867
398,150.2918829818337,133.18316246475732,-12.628822991119685,-3.3526060573812986,3.688553600408431
399,-3.3135736498829584,-49.306795003319,0.5677150835168205,-1.321638932948948,53.14046217675696
400,-2.4051760060100627,-119.03663319461361,-1.9434194839109658,-1.7340294493779338,-141.02008531865368
401,145.7794556581257,-3.8660130444870857,-260.23178304365274,5.708128616807199,397.52412689788576
402,-1.0623335637607823,0.07269556004705087,8.484431786118114,-25.66650663273423,230.19010117390462
403,-11.034994734367128,5.262147537073513,-2003.8275526748264,12.450278054134316,-32.40740241762874
404,-82.47012190183816,-35.67109400570595,82.91984826057214,0.036572868540657534,134.71241544131433
405,31.828482533943376,-11.17565829592084,26.323394105450788,1.9454367797009913,-121.42382365920126
406,7.361157675860696,6.085848753680168,-7.499869136226717,616.6812558315196,-10.706914105900468
407,19.03321890275402,-30.03276810410042,7.237882972467747,108.41231392424964,-2.141540341264508
408,30.626581174867272,2.2634020739372875,6.431325091243499,-16.731209609727113,-228.28805032987606
409,-18.291334514716446,17.191116047138852,-185.17112332209263,16.300862982250994,-56.334505317198385
410,-27.77008817099956,-6.302769415382024,486.2871690537233,-7.331100070206945,3.362087639106436
411,8.539116168296415,6.701043546602381,-10.731515804286806,15.692817215068843,-45.37599976670912
412,21.566291028206443,-120.44683264537089,-39.57750536490337,9.480299536007703,0.3838259527109512
413,123.91297112758318,-10.200687540761797,7.834888642045566,-6.164002752360593,7.443362362346612
414,0.5858129299286121,-0.8307580791392807,2.6612716334777007,-106.89049538779825,-42.68756767950184
415,896.139323402056,27.51760476271121,3.7272378115154816,-329.46099567710496,-4.24845475307778
416,48.82243955662561,2.020217168691044,-97.88370085038353,-64.5894031379175,-267.23950553499617
417,-384.12853488541447,3.094261703311471,0.5974275332173431,-7.406003047333604,-26.151870668390785
418,3.5717918181015373,29.96127707210322,16.86800170301639,46.88041194148657,-7.5344802568659475
419,-21.289092845677,20.844249784321413,5.908037593713291,28.61864887638323,-37.76562421628217
420,-59.234135012003314,-0.5765826141926108,-0.9909224349125683,-213.95523243351755,-145.84697743753176
421,31.554053804640173,-2.8941410178277143,2.092477806624126,75.55427175360701,3.5775197895406103
422,8.035136333935856,383.0062988496448,16.109572011687668,10.507829227616082,-335.74939335896744
423,-221.2057149618961,75.34288933398568,3.0132682142822906,275.3797913169362,-6.123206976844537
424,585.7777949134246,-0.9732349580386295,47.98250576537494,41.246926955643815,0.4873277556754133
425,-29.01558885738697,-36.81122613140337,-32.13333765290063,72.60468296885858,-2.5599898612919465
426,0.7632652134666971,1.8241048437962413,-42.42410766974037,415.58301228115056,23.28475206182691
427,180.96014123183434,139.86987487394632,134.16599322852895,-13.9108742712175,44.71078678481918
428,514.679724131583,5.91948758872078,-8.41996224733054,-63.466375920156196,-2.4474393296768326
429,-9.391490795025605,-1.5073540125554394,7.048668627557388,141.1279118756883,47.13600747711429
430,-38.6457371853834,-13.829838074211112,-12.076921752571728,-2062.085900413639,8.750016979762565
431,-1411.0133479119324,-41.18985321346078,-99.32073322676379,15.308686366443618,-84.57670511793889
432,1.8292083404423916,-1.2175823630112939,12.446715628652148,2.724379817858653,-22.756856574929397
433,1.5264694476362297,7.125671640851964,-10.646646773845353,-104.48802730961921,-20.244400857686053
434,0.17568538409998977,-3.7402556356528915,1293.9113832301903,13.676527987195852,275.3219552458574
435,1.5117746030447916,38.28451297456605,-1.24231067984193,39.40823339125834,-38.89037314863402
436,47.918124362721784,-0.11252131520462642,-224.43796594907693,-1489.0103298258068,-0.7152060564768832
437,25.873573300108212,-8.67462066767686,-18.741495933190365,93.93466858039918,-97.92894744329095
438,110.43333086153062,-2.0788669083715776,222.42605730664178,-5.521656060781825,83.71833019699338
439,0.7463871523183339,-9.994576469469843,1.1101188417849082,-7.0127658364002565,-31.960022716682193
440,29.364658610241154,24.037066235404847,8.992275530674844,10.684229543076608,-8.761799758391108
441,-2.52636238628844,-28.63960079328635,19.919908712196527,-105.11525694256322,-276.19894776826663
442,49.347241265126,14.420565908820787,-457.81559672120693,-48.54590890790146,-11.90481085329643
443,-190.12826449773735,-18.199884919432787,90.38254811892725,1.2376531727366078,29.406374629722727
444,12.889723411972696,-31.421201191670864,33.27993695733991,-81.83835280839892,243.44844745380692
445,-83.98258989988383,9.232032356986377,902.840287583419,-24.47932131864936,0.30227970245959634
446,11.284341631387562,2.8274760020050054,1.8784759350666795,-2.689523604735321,-9.26094988386763
447,-505.0793002754576,-2.5198427028687305,-278.9978011265565,10.00169106774945,-23.051176135404702
448,389.6599095383275,-96.25389688186833,-54.284184606396195,-0.24060242621990954,-17.100887455981745
449,-0.18448112313994527,-9.829406513125427,26.73738691971657,519.2385325904528,123.45737165515246
450,22.10064546870109,-23.271416853433387,-176.7284756354574,13.819966141520915,50.23574697506273
451,1.8520356437326913,-127.1483564046043,7.656722080693308,-26.712699602370392,90.73706094070835
452,99.37019019514776,0.04291867205530404,-1398.8185046658336,22.287571139675173,4.479605468449498
453,220.6404932052749,12.13433710947642,-15.414112140391468,-1.9672484960983363,-212.9107635765408
454,325.8199358611159,-2.23885624486845,9.75373551663119,97.5028267400166,0.21417452310617832
455,16.570410393244345,-12.01473454706912,4.476391078811081,1115.6315528838309,3.7671652392539565
456,-498.99525214342486,-7.564888738484353,-357.4161664478681,-115.0605778595502,1.6198189230438205
457,129.37204223733454,7.456272914780239,59.27370580301252,-4.173345609036547,12.086307384094022
458,-31.705550235909403,-75.9617116889386,-60.96490550643487,-76.37288871745832,-8.466184191542427
459,-169.6291977317565,-1.352461562830501,-313.9513830244155,-177.66509351046068,193.24862304481218
460,57.26323330095037,-2.9712290932875884,135.0711887402902,330.50994958396143,476.15691262451116
461,-508.4858379208333,1707.3216491481505,11.693132081206947,906.8509477764834,-159.2181728804709
462,-7.898720352213818,-2.79341782857272,-7.133500252692007,-34.62679302104518,16.753845207177726
463,-12.733997823724678,-13.030031805942096,42.10574326193864,12.438719076439813,41.775853033426515
464,3.146118154159928,7.79769032199626,-10.825785206392519,71.34092710285373,-52.76066929331972
465,26.12180696139724,23.079676921222486,-63.2624582505566,-78.83590635335948,-177.0593133765403
466,166.97652807085967,-282.564181483743,3.40539759704671,39.33386436691305,1.2538945084612823
467,189.60994845460286,-0.24205584283462217,35.89235634126854,-399.1238875753903,960.2887902067472
468,-112.50351449337423,17.0899858889898,142.38757786944387,-177.40870160612616,0.6240307654663725
469,-35.55447566832783,3.9950230379932146,4.644171743627465,-4.417568962837607,-31.98722791778297
470,-7.039357805784848,3.291468132683311,11.323413283204303,-15.28391008713178,69.83756372504673
471,-34.770303229175845,-3.679469973807669,-0.6614281481506687,-113.50580807972611,78.28875059873313
472,-0.5534638588539139,35.39409236208524,-248.9673258802716,6.15333136749905,-0.6553806007681764
473,-90.96647745662237,-6.1891586255565985,-1.7207953993110328,0.1541022412791593,82.4891787248308
474,360.62403159019647,-38.274177569745696,-77.92896901059136,-103.46535117788488,9.223372678153684
475,-2.500879002606687,-5.85701697826514,-0.12333272660059443,-337.57753798336984,-404.0131296168207
476,-49.05303135742177,1.6835116893993807,-28.417980303227626,-27.668802475010704,11.91790277193085
477,-18.594764617439626,257.70479254998094,57.528217926341384,62.17466948549243,-69.44688085976371
478,-8.95275396524339,-1.4451215936094546,-42.3381035665308,48.28740742413665,8.6153230123634
479,245.88008072253382,116.51377956494025,-73.54130041387566,-2.3626791302640995,1.5303203328679222
480,-1.0845729315900514,-4.969485645786064,9.978937080463057,13.445664599217604,23.312924404289696
481,39.6225163055711,10.828577069661101,37.60001479473376,-5.890492518399072,-45.185264592203254
482,-6.631686360722552,11.845486640984102,1.2107714606903137,-0.2871270448660921,11.675283384669005
483,146.74705262676707,-9.367973495524968,-716.342347003203,-3.744961236838498,-489.0396576645916
484,-17.11428075043782,246.5385213395621,1024.3815657654243,-17.743503318926074,-13.323958713501245
485,-135.48817438011807,-68.64661138950179,32.55548059952693,2.425303926611433,42.848170642659674
486,563.5142054707843,-2.1575432124201477,166.33095992149643,25.780828375476563,8.525164205221389
487,-119.29721022908707,-8.333160798893713,46.13494880148811,30.983031315494483,-712.1069692497321
488,13.821435234133485,700.3094940462756,-59.85031421361856,138.71499399418204,-140.3667258063547
489,-15.53442055454129,-5.879292394870127,-39.54597964924971,-309.87886295722024,0.39984430414700356
490,12.746300524168463,29.729579010646756,-26.34519945048273,3.318423697920668,-4.646815989176903
491,-0.826672069626288,9.640582843323797,-24.790043016913398,40.72880413279455,1.9360786022194623
492,32.13277700458037,77.95984812179056,-18.422619594183637,608.8819729751584,-278.7441030476713
493,-1.1964842668761617,-43.572633628502444,15.958026637709983,88.35038757910367,3.576756785751753
494,0.3702663575562583,-45.512207087296986,22.340484714474695,-315.475615555281,2.9901472442799095
495,17.974759736465057,168.26728423303055,-0.5218346355054577,276.4938555959048,-2.0189466715690294
496,266.8156282947018,0.1716461216677481,-11.72910772821281,40.976542329968574,6.970051851801804
497,28.930417496482185,34.48501239161976,-27.623252889678284,142.66245305314044,-8.539967828139009
498,1.5209430348197506,2.5905839140677767,15.905692665735064,5.590445252275058,104.83865268210815
499,208.49830479416872,96.39159412316576,166.47938707036778,-331.4880283415729,366.97242260115127
500,511.95202803260963,51.10212355529645,-82.57232965318083,-853.5537590905888,-110.92612637356986
501,228.58066814620338,47.97439698178241,-134.68119246183576,-21.296332771899074,-21.581374627699144
502,202.81340169061414,1.5010871134492232,-872.2025115737529,0.5236390884098102,4.577572537211127
503,-2.8682574180048688,-2.966092498165622,-0.2800991133742925,1.4311899453461059,92.5829943500336
504,139.6115177980429,-7.132105162428895,401.0463871246104,-207.04753579012774,-2.18193647273907
505,-171.8637097775422,8.63719657779575,1430.72624338273,-29.082276034758845,-3.988252609062934
506,-52.84309746002626,-58.490495332362535,-17.704264825736164,0.11289408626176334,4.784047797356968
507,-8.602074910879931,-16.368821961736504,-117.29054840871862,-251.92948159257048,12.501477224146237
508,2.473777395601194,-15.274368093114102,-1.456137495809176,326.9430212249676,-16.105710437858658
509,-94.97743737130864,-7.192095716740985,-14.080024956483305,-118.81422928825643,1.8237807152731345
510,116.4644355336247,16.72992420701164,-394.80118778514924,17.607719608379163,10.434438152304304
511,23.20566104263942,8.734216491794534,-1.5402764404079046,34.13634250537254,75.45530262217275
512,-8.654246085990994,59.95823034916263,11.023570454965139,66.37357135349819,24.577516261585835
513,2.867639550881183,1.5309407956363152,-47.714157804379894,-20.581133272872357,4.451694016826936
514,-125.16448365465855,30.665465364746435,9.799019527493037,-5.854210297833883,-29.661979977781122
515,-1.8371068393131134,-691.6174969378278,-65.35523542009638,-51.57527193275195,1.50977781969293
516,64.68862787007679,-0.3564536584688364,20.454337454093277,-207.3705547799267,5.595318821144061
517,-35.087437312356215,0.1783674574633197,3.9826545016888684,6.783493004789947,-3.023451094233262
518,27.976956835914493,3.678661365798884,31.305195029161577,9.607033201924127,4.98277510682902
519,9.130295670346289,-15.194765149367852,44.866742876656375,-1267.7205487783012,-5.356504738903443
520,786.8789409070259,-1.5051785552848627,231.6670226540678,-112.13015164221379,-83.09248264133952
521,-2.6432997335445063,8.374613482917695,-54.94082542176992,820.1192758444898,-375.99425037281793
522,6.510893920115583,-2.0512531355717054,34.72685982342691,75.36069590442668,-142.61643240161106
523,0.21579469458594042,46.17914813022111,29.078069444480352,-43.08566234014863,21.401300691706503
524,-2.293314981575514,-19.38203385740418,37.735795006858496,-726.3303620513011,37.95367576569837
525,3.161649016807775,-7.817262706531332,12.332863861256735,52.0483219398111,524.0203031551449
526,-59.352953857179166,131.23451813316103,164.7675574401846,-2554.5406169909015,19.97456184172804
527,-18.207431845908946,-0.5219524865796606,-67.0904387251438,2.940744698183179,-9.901755433148207
528,-26.710625551838863,-10.624668468894361,2.7503510210387048,-230.79086490857773,-38.971582843134655
529,-15.460765682367345,-7.097235026952826,-4.393093351133924,-132.06007351287533,-7.811358375427819
530,36.90813738769485,-0.15630954626608023,-289.8371392408316,105.95255895481785,-5.1536038583511035
531,14.513391473987156,4.022419471794259,5.444304823445505,-61.236682703602874,-1.3150692686537242
532,92.54544149316662,-2.5671415777264484,-0.7449221964826004,-7.972616371351731,0.212254638023915
533,8.469515416095255,-0.8944783968268791,3.7843476200971558,-3.9794835626291105,8.526991655615904
534,0.013212178597486182,15.626325072765015,91.42947604272155,-1.8373473787743122,11.99281640720401
535,-18.059853571817257,-28.648669740654004,-64.19476708944127,13.512609621095708,21.41088970876788
536,-47.04940051224599,-1.1515135953633893,7.614625349280749,-21.191126579743223,-8.031280090323293
537,-17.554826450025043,-7.399016344767713,-36.61715544756443,25.80103016381573,-805.6467700418455
538,-12.96325000408629,-7.866588669582439,-3.722670663975181,424.8953083468496,-0.18916198581507576
539,-0.940208858358638,19.3252865778487,-8.211703273974917,166.04356337143875,-8.692073478991972
540,853.7428044837561,202.2611559886901,-36.38191404055543,65.86683852246641,5.0069296064135305
541,-5.043652449451327,0.44943492461576745,-1.6018977221269441,5.578124479184078,-69.24498280163539
542,15.96606859564051,20.993980445446525,7.536686747951746,8.923932059313893,-3.508090680725533
543,-209.79239334193008,-10.500418879452383,-170.06134081648554,-3.144103784156352,-25.97559702653785
544,573.9349220948575,11.855545818184833,-39.394676673844295,-183.14001412634624,390.33714811623634
545,-98.87285353297146,-9.616858781917214,44.83721780644834,4.131049935779948,-152.05253348841734
546,11.701053738455398,-8.470855713241976,13.74546491052823,635.4254439496908,-21.436403161631283
547,21.082034597617906,14.359085138565153,-219.76038895891165,-299.5731105196708,108.00693152591604
548,-2.079459255360474,1.8181146343629133,160.96965393401462,7.044262936634956,-32.05160520778767
549,8.726096045752124,-9.434996054554396,4.353647739326636,-33.92306827998389,76.06764224116202
550,-29.236006079390283,-3.6851019123870907,15.912897217557845,-38.1706185021442,-0.8664061570763572
551,-7.627335628763237,23.688530729133802,-22.77321812089662,-5.457423374908441,24.636253728536477
552,-1.3066151177352492,0.12248620235524546,0.321716412461387,-2.5493108192698184,12.038499865167207
553,-704.2839840848245,-2.0865690624569613,-24.513416194643213,0.24156131723725704,-38.98069342223468
554,-2.283178164407699,1.9122952578296692,43.746504322572115,-8.606904229435429,-38.98513305473777
555,10.514055367489375,-20.221045197055226,20.362006315921782,44.43606616052068,205.3511614084229
556,-9.05572234717446,7.346675872287127,48.60168542685723,397.4855562656505,-17.862213048347165
557,353.1347832957243,1.497277465563188,-0.15191871423166298,245.19113739229553,0.3847725790163998
558,-80.54165103000827,-1.14359923647672,-49.01791074932231,-2.9744777345056157,-73.00925325863562
559,2.408905792971614,28.773466784847603,-1057.1078452904317,-0.28146138792700875,107.49869482046948
560,55.58489946356926,18.136062962453405,-61.13056493298885,0.14266994008226425,-262.0256702544868
561,-2.93313146435095,0.30883669032416944,181.29054145623596,-23.39359022063916,356.4671344284012
562,-148.43281565364705,-0.7682697081726709,-3.6085018379258744,61.832938768914765,0.8820817895956886
563,6.727602441063745,6.480852181076946,132.78409439924266,-1.649748491206858,23.49726833992732
564,229.96761530147646,-7.670778743403787,3.086661425507283,6.5050502933910375,27.072550486965948
565,17.007330997094844,-0.3726438769197757,3.225791476541126,-56.837768828143474,39.008243972354414
566,5.96242009779829,2.893977570822403,4.486325745613862,95.34013398713797,-58.293004995913314
567,24.474490098878807,-7.9742439071594475,-20.410634426222618,-77.83537597608155,15.190676796331216
568,64.9887248761469,-17.06602122052568,-623.4512101734911,1.3464427174345468,122.01688294902785
569,-109.55945871895428,11.278677845758642,-8.02729978385754,-14.734492889680629,8.88361410380996
570,125.71400097992812,-0.2607354818631648,-234.0121887840015,-3.306533013101199,0.09755011610652976
571,29.040657354745694,14.834133549594727,-42.484688575141014,-31.023614386739165,-56.598304858025394
572,-43.213061189527494,-5.530455902295348,49.57755716974666,-68.45201284652106,40.877883941436586
573,-6.035028644456417,-1.5350781418021262,-566.2617417394766,4.066910173107043,-3.044171306561611
574,-5.160007045880654,11.661646830423761,-13.667777909803918,1.1820753827225943,365.6726812834724
575,75.54067578752039,0.2933131317456203,-1.2079994467224089,-628.6682020795037,-134.1505937834972
576,1433.7061466440039,-2.900271847841407,72.41676739122752,58.03171313969749,42.36947918006219
577,535.7303527988945,0.25962264887470843,0.3604889082122545,196.66335725855282,1.33599438886122
578,197.98711288820044,-0.12059382808323062,-308.60149526336494,-102.63097457429926,7.459974238156156
579,5.889070511920471,-59.52494007490158,9.931517986491635,8.467779661907999,7.4255219893802975
580,-70.92265209085214,-139.9970142621223,18.566231792385466,-40.176886723584914,37.00746637281774
581,-272.5985941868254,0.6428133641302202,-48.502087161884425,4.606252766371818,42.78241561547031
582,17.960758773870065,1.05076959909046,38.67436432297784,35.334145741893934,10.614923776353315
583,-120.95323362789975,-4.521154054347109,421.4296653699234,-12.426525698201282,598.0252166772384
584,22.138301714437173,-5.722867825656055,-149.91651913832055,33.71443699077449,-61.7112257210392
585,11.528814136912205,-0.3978594688339222,-14.68476024926273,0.2856316551903579,-46.61948913798654
586,15.886286328489696,-1.9378738035754979,1.4062282668177435,-17.095456770359814,449.3342175813901
587,-204.57519351086478,24.32740328823304,-1.5759185688093862,0.2819811783223119,3.589918121984497
588,270.97737592513994,1.896820864307279,2.384325410990784,-3.992321320674542,10.82299811966359
589,7.215885826127429,470.4949010365042,51.37520643387272,-0.295293330210374,-235.97215878768992
590,38.6879747443907,3.1777217499861643,1.3869399056577558,380.0098266303575,-0.09425064931945393
591,71.69606120260077,-1.2185123232876984,-59.346898066386856,24.347709795293277,-506.06533234415707
592,14.830487877565965,0.4155195567866176,-318.5880220618922,-5.3157485670260805,32.46895244612957
593,66.5768984654713,6.072084430377461,326.8039080118723,3.834312449083119,21.376987945753406
594,11.342339215563005,-0.6473410262869799,-67.1227959693698,19.889541374410964,-2.7767376919038687
595,-58.08916729188531,0.3949068489791164,7.880183571676673,3.7647454587767473,-264.3174562107668
596,5.455602110438767,-112.59983908309671,10.230805696766804,132.83480728614305,0.19284162683737138
597,92.02385448657539,5.724880278653486,12.235373878132428,12.626787257134689,0.0667700702595519
598,-4.468116593129169,6.366100161370387,-17.763200335873222,60.54610226114166,-52.25074580757117
599,-77.22166465905562,-1.7649134243787024,47.22705776282664,-2.9006072775527767,4.250161699293675
600,-11.607407372408534,-7.599605954287097,-24.699891794490387,-59.34856755971505,28.817856775656313
601,159.8134821879216,56.15833966235166,-2.1415951885181026,9.388579159064117,-57.27694863614909
602,9.272259924261709,-9.789687271434751,-28.004175017270516,3.1336610408514334,1.421815915995727
603,-687.1461251971434,13.453317427540286,38.366904844541835,-1074.0750356762744,-120.82170229515206
604,0.9510023783413675,-61.67048617729961,20.755947169060985,-0.20914608134650822,23.23117439800948
605,18.08290438026581,-133.7342650555776,116.02824182115904,-21.34005395982056,0.6753700299586409
606,-274.6536358871297,3.6031192424155547,-22.780901378762714,3.3739819205752792,-53.53967830215636
607,-75.77468016556095,-13.644823164689907,1.7854124128468374,2.222983338004694,10.586372740211544
608,-66.05572816728733,4.747929634888204,-37.73552780885632,23.08680823196243,77.24639033679026
609,-59.69771415914459,-2.0950407837982734,642.4547680941519,31.51431308662474,-28.362447848601594
610,-14.926495786637474,-66.46814940272385,0.9349809700749759,-9.230038553601073,-103.04669498472146
611,2.2169005792948506,-11.07106853100141,-98.86331508096976,26.724161078609505,5.951318095351924
612,-21.910167318020644,-1.7267626634789088,-15.528088111634718,1.2843059128253276,-35.12215854583315
613,-53.183934146754034,47.48788358983875,0.5224120927089811,0.6006598296320684,-186.19984379402257
614,-86.24739888236653,-154.0065938689089,42.354122510232024,-736.568717593141,0.12715084744757488
615,3.45491911016066,2.9084622293035776,-16.77941389327029,2.4312525117941353,-65.11884240959719
616,325.83831007054124,0.038593692800292255,226.38573217037217,-123.5732590862596,-9.83139502583209
617,28.604783487773034,10.00859770145049,-3.5950449372205164,36.09431257273945,-2.0055607000985036
618,315.51389898280524,0.20579664431648123,16.18955351477449,9.956921543944912,-1064.4386760693055
619,-789.9283308764778,2.391077654418228,-8.841295061358464,-1.3337999663940519,-148.81941719998994
620,-207.52444997477582,239.78035785926264,98.33691145067328,-0.1957256289552803,-1800.9039420654567
621,-13.037447198297487,4.6507517574858985,104.53015850720404,-2.6214410190843007,88.1397275251462
622,1.894907343647504,120.69134043505794,20.513499477878376,4.525576549216419,-10.387805519802978
623,7.13839405964789,-21.654071266533318,-9.346367075262963,1150.509147744948,-108.55351447780305
624,471.88304349441364,4.061766462426924,-45.944613336124696,-129.17435723501754,6.4774694525278855
625,-69.34327867208796,-1.8340424292725048,-134.48158387199118,-4654.758171793824,-37.29739488407196
626,17.600806090371638,-23.837051045625156,-7.585812783101886,-34.13691596708323,46.78625375186761
627,-6.381643849291372,67.89508894135827,-31.72988066851316,15.455571078365594,-2.5135911943338187
628,-47.84868553136944,13.011465290041073,-24.965130115074928,332.31508812131216,-1.3437993826817396
629,-2.459982371562542,-15.081499439775493,-16.73013050092261,49.31892659806479,1.2996414352328127
630,1.7740827350620234,0.979730882950391,-116.66004816824207,-1003.1926668863698,-11.804655190429926
631,-2.966133772445174,12.705466217402623,-26.04695623677788,-210.38112988366316,-34.63215688861945
632,9.34188979492471,12.854611685564187,147.5564950013007,-4.50689229999816,-3.6247231043966908
633,-18.727100462438088,-13.098390259338,0.42595267636725054,75.16658451800647,-113.09881323230486
634,-24.714223157110794,16.73329687639827,25.019673528192527,6.761168203551586,-106.490974349663
635,-8.258530524729197,-4.5055663514820985,-19.16975613860504,223.39469517044895,-11.986190819910112
636,-12.648548084156516,-16.36723402839566,284.97673676356095,77.98564998920062,-95.95112018594989
637,-8.250014022626086,-2.3305684240236086,-6.91244939519963,-671.3094089015954,299.6633223363288
638,-82.7577626975345,3.2330560368147583,237.96671038873288,-1.869446375587947,14.444472003809176
639,0.10390010396220696,-4.422837204143039,22.638963243511398,371.0847793975636,-97.89611012236315
640,0.9490572892027539,4.177922020042984,21.757108242076804,-134.83551573205395,158.1680486041894
641,-179.89338950878636,-36.52833917588052,-22.379343834774453,3.4792628394880767,-4.084098834679486
642,-14.870957395679516,-2.0823421063401755,-12.161326018865651,4.247102645751662,-14.893438214509835
643,-1.023663091767899,-7.334123234264664,248.3035899249558,65.80341773840988,39.547127502464406
644,-0.31288557453770205,-1.685290339911814,506.0460751195265,-380.6217341377824,-5.648251193305667
645,-178.29672074427458,-7.874412567607499,4.805923404287616,82.92987948308974,-52.907746320652286
646,23.626829906866657,4.31097863524358,1.5194175329022148,40.17175944770858,-675.4168508872588
647,12.895368111462865,2.380711734584416,-58.59236331684609,1.8794188557054616,-21.13097628138569
648,1.3911891495481647,6.89799705861887,-0.8327870732632959,7.245990218769309,-8.789785573858644
649,1.293418756058199,-0.6214599330958929,-834.6091353939001,23.637744782613062,-31.873172367304424
650,-0.6628001644668542,-108.67615720322208,26.947653214651027,41.775217233572,-0.9857107982937529
651,101.89960943022858,27.66550689711132,19.08895727121854,1.8089099838511467,-60.08170587302606
652,-167.05745054380563,2.302216266897527,-188.46488028913535,516.0261306695652,20.05481858967439
653,-11.031088008849336,4.3374105636243065,6.246849959647051,28.79128473592716,-31.096716259907872
654,-223.28129946530365,-0.5518998508970012,49.42412031978344,-44.3059493528564,-10.617743066341546
655,-9.742537436559761,-5.481971521588308,7.4595084452727045,-8.315026352168298,-165.69155263914013
656,-7.852468482837642,-13.85592996640305,-585.6100231887801,8.304313175193307,-3.67491344613508
657,-36.62668588175815,-6.349843808716858,5.593961630936208,187.31860677136837,50.469472821955875
658,0.19021628371155044,26.27639120617055,150.6822514065317,4.82344158311357,3.1445339116893183
659,-39.145220137200766,17.4142563997346,-57.194262194272426,-126.57919655121441,-12.479680463716399
660,-16.45432908797553,-54.2514122406811,20.360456025001255,-66.13937212785694,30.680204152748544
661,76.8091245300701,-3.3174791518481346,-7.2790252961855,-1.574351407320096,-666.8485652134392
662,26.96112201895307,-3.288276494436981,44.794045819629744,-1.3266496038497486,-0.43015938782555874
663,-96.20920988701607,-16.21412428973207,-10.144477207199431,-12.270105492112277,-10.545679962080259
664,1701.2423630929104,3.208580308492044,-2.0244437707897243,449.8663656808409,-0.522303819148643
665,9.444796528080097,-44.33489851134941,53.25606777543609,10.05468995612548,-3.185337987300179
666,3.2322037595953677,-2.4430088077685723,-12.834650508992034,27.770016498567003,-80.30002763064354
667,101.23900789300606,-47.58580411436113,-30.348367804133783,2.6582690656238612,-9.10724456149184
668,-35.24666739132999,41.50570642729083,18.501874700264896,81.89815643204854,-25.770816967441988
669,162.36252060504154,2.303159152517772,-184.0307916115747,-4.262628212489432,23.1705655552533
670,52.8310820901418,0.20064048091735534,68.30436846139835,2.890938233019282,-4.0236632861767605
671,19.63718220421686,32.0203199757102,-1.0971883015824653,-54.812728777358416,-5.737714874600867
672,24.816649646095993,-70.53309913393515,1.9622669713768441,8.62533249233538,24.7668813477291
673,-1.6959867626075396,-5.865830403586324,3.3025160501414383,-178.78316177557303,3.007796339413625
674,-5.030504397720677,5.525119090318105,-29.951021466044388,0.3364867156783286,17.489410547235313
675,4.427364624217591,1.2163744812934387,-68.73003395831897,-0.6144325430281153,-11.279253976536406
676,-152.66997004310346,0.7363641495002891,-6.0894990214364855,-0.9927197531290217,2.720730387037673
677,-5.1856197130282355,-20.26788566303202,-41.83584560072898,-15.361474112374886,7.398109712873608
678,-70.27255561186965,0.19688074964375496,34.584434804186635,-38.372653162623074,79.43118283153775
679,1.423781316360883,11.350896837816704,23.279836162014327,-93.52483392588263,-112.9411428923874
680,117.62530664793599,-171.96228385702952,547.1165213882198,10.958450718934783,43.65656428054704
681,8.591053403431285,-0.28939150698134297,-0.8418536273092073,2.3024885660676473,1.7130016384992377
682,891.4519867277226,-37.117240917783676,-8.176980179624953,-1.623075326063815,41.83750152373614
683,34.79494491580436,20.14473544293932,0.7951002590521732,-12.123714092114087,17.6314538027047
684,14.966974640558123,10.845792271146724,2270.485130999307,-17.95944041042842,13.72923094156976
685,11.357821100959573,-0.9993000865812909,210.0898411058575,23.15446231395312,64.40927685160834
686,16.349394485873546,-15.361106608783484,-7.657972905227184,20.637231480089298,-4.37646933350905
687,-6.263253101120141,1.8239767674183651,12.688917247617137,-288.46969651010977,-26.24852432209178
688,-11.10363141163762,-5.014577969662608,-105.02206228024927,-24.622269218157673,-42.119987587661115
689,-412.9314239387322,83.2192168363108,90.67925055758278,50.32503403961006,8.753759725705345
690,4.000371004668112,-13.176529714296596,19.155751834165386,-99.23542023908122,-10.53833418992141
691,-0.5051125704453165,16.817974924627705,86.85947877158685,5.8236271573526,24.013322394493134
692,104.59298578742222,-17.712339124646242,-11.019883086792321,-1662.764601031155,-426.52046915084435
693,194.58616105811836,6.39400250599232,-87.12837995593813,13.817504741447529,56.69989683438224
694,-4.850157754743779,4.036267594174436,-0.049298814178639544,-52.488464084617604,86.72128258201622
695,-2.0206109456331447,-16.333576559205223,-2.6288409143937392,30.737713774598628,-108.54946249515885
696,-5.788578910374862,-3.1404395988040954,0.482727540597976,-106.73452839775528,87.87984799515907
697,4.729285962542278,0.0030990709259098672,30.78229971211876,-4.431723487700386,226.157434977673
698,-748.5220563047324,9.063537683277898,-5.319169666826039,396.803343038564,67.39463682607216
699,-0.7446999975445798,16.67527710271096,-1.3546599825396395,9.79272992493912,6.167672135056728
700,-57.43260475819898,1.8294731239052093,0.07840100257418918,-0.6256720877723123,1107.055824900728
701,1472.2896719948587,22.558873297754158,14.823431763502247,17.199826501555812,-102.81465202711665
702,1.020254897559584,-7.415781718344208,793.4308513855392,-41.63004611836441,455.46468642848794
703,1.9538191756166103,0.34541803574669844,-6.277403718616727,-556.0120978688966,83.78768017474991
704,19.92211744300927,91.10903033922114,9.614972667308734,17.319443610289813,-32.29086453177301
705,6.981433297978709,3.2760526627299473,29.36815626847729,17.298137525153,-11.97615270382734
706,1.2513481580966275,1.1791590129779739,25.23934347924761,-91.88007212547905,0.3286120523737275
707,30.01341856533791,-14.41260400070876,-32.990476611993984,2.2327268906909574,-1.388299564930649
708,268.3815906391486,-2.985825432087396,205.73756347779965,-10.523844353678824,-5.11086180448931
709,-2.451612089840734,0.6523194182159818,-58.04331997806871,147.9606984135084,168.52476028268234
710,-4.970389841745344,11.46535633905537,0.2557917262356285,-0.014822012825895558,72.90458976424772
711,564.5876610117687,36.85138210245586,28.12097568868038,-14.815923203285003,12.4008175930657
712,-10.653736592369466,-22.628969123612922,-224.1744753332039,71.94391386894625,-38.02806746455145
713,19.31340750635251,1.935403521559958,354.4169135822853,94.88651757329498,8.969042886853138
714,-1258.9176387328566,0.4479269059265116,-47.592230589835346,-17.536128646537993,-4.980925458208701
715,-6.635270142361601,-31.214762929231494,-25.00810733027457,-19.40142705801827,-132.3606595406302
716,-21.355453293169063,6.319781863730921,-31.22215232992792,7.45405720868853,21.8717693363786
717,-32.44251835982643,-2.397523525754578,123.26389694766557,1.6043428823992398,20.26760467979973
718,31.380221619432938,29.13782506025033,-77.70571251375291,77.56991117750623,-41.685237640981754
719,-7.174215687199374,64.28388064474149,-5.987798591784509,59.417285240117636,5.484406080837467
720,1.1756524414288236,-7.478734953203136,148.16231583059002,-0.7164756571470738,-4.403524596272849
721,20.550081519354265,0.3274075287638496,10.452814531330759,-10.629516835997743,2.877219923125531
722,-21.284510338782663,-12.53362982019101,-2.6409056844690566,9.289252060743932,-40.2916426129206
723,6.027710021591727,51.09427646961256,508.50747184358437,-247.5758983093298,-1.7801858496836611
724,-541.5205083408802,7.612816430076176,-1.107963710075952,4.481841423227667,12.441149932314493
725,-1493.4675449766876,0.19243537146058212,-6.99519414331858,-9.709812656896617,2.4345736321845335
726,2.0294394887055662,-47.99483007858521,-19.945493067567906,20.86673044576862,-155.72584882364907
727,12.661840152226493,-98.9011594968086,-341.83302421324294,152.70395531732993,20.588396737056055
728,64.87777421463217,2.1178370488707805,0.6160495278495138,15.84537161195595,133.2903056868078
729,-1295.4031645520515,46.5246807504177,20.524857845514283,36.90922326603076,19.326886765031464
730,-86.15788900303774,-1.1747607290445001,-27.84873009093327,-23.108009524936342,-94.98452022962041
731,1.3259934863015352,-41.5065869996605,2.3223390640609627,-30.583678756818944,-23.310737945093507
732,-22.137786839266216,-2.827700855243559,-30.104599599531007,13.722749032140042,-0.9403506825681889
733,-147.8804021835742,1.9218145988852389,24.6477621289985,-6.722668483509279,2.5785690374056642
734,17.59246584194344,0.004495571236483354,-35.719810202464735,-4.648866537025644,-0.3713253724365064
735,-32.740479389419086,7.660236796433312,-10.756629614369526,109.20264312000619,46.85373796230655
736,5.7300322057816135,-2.771278798947946,46.86701911935975,44.326934809178674,53.928866381252135
737,-2.029114843798541,14.561793797763386,1.644626497455022,-18.133244879103884,-291.56055988050844
738,-7.853346355862644,7.915350396677092,65.26984786698729,-160.40967589645928,-2.3182938996350164
739,-19.117961691573548,-2.6853920424463706,-65.15845585253037,41.3942201066105,-75.90464105022468
740,43.527506467118044,-11.187629918973824,-2.0730280328752135,31.684922665922333,-161.8596272489236
741,-11.771954380226353,-1.9940328892915216,-2.955927726651804,-47.810735029816136,-2899.153229814508
742,9.738176115226509,-1.9200582902894063,457.9676039836721,-108.87015104017334,-22.14807254671968
743,-202.0036063348824,17.063782125483044,-1.910898574276467,228.45706163181538,-5.3752034033423275
744,-829.4387306021965,-16.74507490404805,-5.180328192190993,8.285707617164723,-70.59201956155488
745,-4.183474670186441,41.20353962979695,24.052172553907692,33.81805118106338,21.522605025220145
746,-108.0993662790678,-5.223164756827273,456.0843134300446,843.8433944749763,-2.643445063581566
747,-5.392670382124069,-10.142880307307319,0.08232345319704965,11.440657511465,-45.88746720050564
748,1190.8539145499292,-149.8629058253426,-1.167265742894098,27.756696559176337,9.517845987701525
749,-9.096545650401657,1.4393306450620857,-30.522207338859108,185.83566669610482,2.952245359380792
750,2.8629015229727086,-121.8000438433592,-20.54033612463164,-289.71398991227295,3924.7249101621233
751,0.542050394414657,-25.629527367492127,441.46034327952225,102.64708685183814,-16.21420186672815
752,49.59557206194073,-17.308627574766557,15.001094381287986,7.802215236263932,-5.240163375407835
753,-29.64791348439163,-36.653785809739105,-66.62894835696,42.45429814704439,-4.644425238321627
754,-173.06212310071487,0.7336219377140325,0.18003637401695738,-31.8666093930662,-51.61234214735196
755,-0.5663810552297986,-5.335138015334453,24.211965493049117,-112.49962867372803,-5.619324947018956
756,-37.6411041098027,311.16541269285244,37.08186894813981,374.6961385106635,62.8532149821918
757,48.53599780485862,52.28079671026961,-4.661412928808467,-16.92102437678157,4.039224144251191
758,-38.7705553999178,31.09926626015824,46.906953770366705,-70.16219440637146,56.11336908597081
759,-176.91984102878916,-0.2701666880833109,171.81449142695547,-42.26404348078957,66.28047654628554
760,16.589170448266238,-26.662254602586966,-190.06734018508635,6.082167754858115,70.87162348665888
761,93.77074003154159,28.379311132337794,-123.41164658713085,2.3839834427818576,6.071783935692571
762,16.250120176057983,3.4722687581860145,2.2558168780607364,41.25274147781235,213.57141044489288
763,15.742357822478164,-81.41934828860549,484.4144557588332,-16.38713398060157,-6.556767898891419
764,5.1774323986025585,8.847555040876879,-0.09013285289346702,24.412726922421538,47.88015294423585
765,-15.460675122290647,-1.7551244254779732,14.283089243863174,-28.215186750530698,-230.71286452932296
766,-4.4612474273217435,47.84375256739077,-306.9951556389212,130.8667323859347,20.602956663608655
767,-3.597774844806827,-6.186932965332054,-0.2071357970048486,1011.2983337554446,-429.6599759627687
768,-87.65158376138085,-10.715956957203348,-5.785005391964059,36.56786537853391,49.940295778981785
769,0.3569152351835643,26.015522816277763,18.61042224160185,0.5140308193443501,-2884.0533147422566
770,-0.08386317723666495,-1.0423300812299963,3.9863915990660193,-10.990362405518013,10.897654033250118
771,36.249671621047305,-1.6733710044305299,57.97402892456775,76.24989927819965,-1.5654032151845472
772,24.092328791696048,40.53099526425984,-0.15000031674352338,-1.500895385979984,29.719067057542723
773,38.364996085448574,-14.766866295756307,-55.926926628736176,-23.400981203698258,6.035833764263547
774,-26.214352440981084,-43.11248644522395,579.7094447152633,3.287348837347954,-28.416040452620624
775,-6.393268934592913,-1.0993868672240195,-39.87063709087092,12.632903457397797,45.645122878336075
776,1267.513511336335,7.601689527611644,2.8098693342724066,-28.684149926273353,-363.2946201112716
777,21.668655496018626,-6.665210673771504,-43.74569532622478,1.9546486231518794,1.6459205077671788
778,2.9852210086332147,0.3197674365728976,-10.27309329276341,3.6798556908163302,184.8785684490996
779,-1.3235086190664167,-58.39390247440011,3.5763027301452106,-4.460892711597721,7.876897616383545
780,9.170708295085975,838.2379454501407,-23.903635763666806,177.29541448667305,44.4076165715077
781,3337.282446961026,-10.513301247671025,-0.5708667810207726,4.257464120550436,-0.3806464279634992
782,0.6996841672769603,0.6735275023954884,-4.511497468992952,2.2653687667345648,-461.04786695689756
783,1.0889566606534518,20.220892427219834,-3.4044446456398023,-7.063458729948702,102.9181827552408
784,-0.23156765898087353,24.075573430496824,-10.5316236460708,-811.7919659124357,-7.015839364551482
785,11.363593748965883,67.82183206371518,-204.09334003681326,254.13546164983148,5.885759077548525
786,129.42442385309974,19.996990442376394,9.80932923458924,-680.4942759952684,-0.14564768011201315
787,5.002641251468956,-18.192438470670403,-10.704993640334239,-204.60363830336345,7.54812882734795
788,-123.51267409507741,-0.9847850858781018,-12.37305637833908,0.6239236397090239,-28.154122454702847
789,135.48317797212383,67.45690794879104,7.292441951007625,0.9069609167133071,1.074119831067419
790,-40.56208319834649,8.80403163505883,136.1404451071377,-1957.827806385134,-354.24648491408624
791,31.354046184753592,6.078400955805579,9.355729313094816,64.34979271228856,30.347289855945498
792,-20.814859928903303,-2.5615873964562135,-70.4211850864932,-11.716494061732153,-32.5773629368339
793,99.69252360008944,0.6055533756506315,5.253895854044815,-174.3275019013547,-1.7171629242116575
794,69.1373104502226,-1.3357570411921933,-33.88958819445718,-248.49030350842517,41.87459892122639
795,-1087.500672067961,-2.9894033722332307,359.58686134357345,22.926218114362243,8.196384843677025
796,-1.3196936683890184,-1.303367502123126,-1.0997271381785503,-158.03826321882482,-0.3367015457792442
797,23.602479546190906,9.870743633200837,303.6123551478811,-112.20258677574787,13.36909023955472
798,55.21701348308834,34.77941750384254,-129.19348653223292,55.76663502207133,87.57383471579499
799,26.231211286852115,-13.35297490205603,-2.7240461823625326,-145.32670689485016,16.184612752195186
800,21.776798994117136,60.076265873904106,-1.2734830649130748,-1.9916433199591541,253.16698303069336
801,11.55843390369376,2.1708525694732486,-5.561038155895236,5.095266268003003,14.162362384501238
802,-67.17735330747634,-0.2893880259264199,14.605090321737501,-24.557286920129577,0.4750626164343524
803,-14.378676964605418,-0.6951353583899544,7.160249638916372,7.921534338829778,60.59534292073507
804,-22.748978525902746,11.095334735436884,-30.53177454453522,-81.0129333347403,41.86993047687517
805,-246.2661036911738,31.61941834306083,-1.2831112260708137,-0.6560425277553659,-0.8981741178224003
806,234.33073147962602,19.79817303411108,-0.7062424531652758,930.3771837746184,-0.13551470450302225
807,-28.07152857809058,4.762609706970914,-51.64823991814018,27.703478209430124,59.312030949951954
808,35.72840060113522,36.30727588860577,-618.8185936484997,694.82780416525,1.5067199372760285
809,-24.348802557080518,-0.132402506935795,-112.84079215854194,104.50519544783185,11.904565571957722
810,-322.4841685327015,114.01913896328796,-15.239033597775707,-21.769687809962203,46.808989376488064
811,48.827489266529554,-68.25197957588779,-11.968693258262391,-130.06883689236423,-12.374604508472896
812,-80.64986603376893,623.4720988378783,66.68341629284876,-45.796630249960174,-81.69180255978591
813,91.40785359063105,-11.057119641655362,-0.6905105960038127,-141.560264888429,18.121750232578666
814,-18.34747005006788,-8.349630505098938,286.19345793668174,-64.65543200814155,-12.52361582278623
815,89.05546179607134,15.506093131448253,0.793068985046953,105.23592655558375,-7.551693910657844
816,-230.94055720794609,-0.17082542879186519,18.743933898939076,66.28056490927575,-39.01451285488668
817,-0.5770712611819558,-67.9245541042065,-404.39348863789803,-19.24291475052455,6.302818674840391
818,-3.816764105311291,0.674819557401963,-1.4677895608987905,-769.7517861149212,-219.54930956529816
819,-22.022318301078226,-0.38192917912161767,21.797029376153887,-0.9059627503527675,-58.479596258592686
820,534.9717702515504,-4.629428735304184,20.941137062589554,3.540449936778538,-172.21180955264418
821,2.0545100831492387,0.3189858072848741,-17.531726167668214,11.782458383814387,0.8279129600677846
822,42.051647677655765,-54.66245170687502,-316.1409625461378,-4.979882112701502,-2.5360367055835322
823,-101.45560494139207,-62.914316851646596,-5.72272801868648,-46.012382554304,-2.553415906858168
824,197.87505653260945,-3.4280597489559974,-0.10309473257705483,-6.624698855580683,-1.4011717960334282
825,18.968719767118035,-3.2905497149132388,-137.77387916582254,8.500747461670796,38.64315763607682
826,5.429331868206648,4.3124257004215325,-5.402366660391647,8.524118952933454,8.398181496095846
827,129.46082810512115,-2.3579458635771187,11.603919900417214,-6.553696288680917,-5.038285604631744
828,2.809510721316664,11.301967382244305,942.7086161671671,7.579138212003066,-34.62620253026327
829,-285.50270192169233,-10.805620075117629,0.23188894431980833,-297.6765210015931,101.33278713151824
830,73.30803357975851,0.4246259983535289,-6.701454925536279,164.15815636608346,-27.78499148195108
831,-0.8093878154488754,216.81813782348155,-8.36056936017817,0.6444990832215757,-22.48058041001791
832,-73.00320310361205,-0.9333402517547177,-5.2520117687940955,5.734802922033928,-97.00834149801909
833,239.94060213045196,0.2643616218183266,10.801751265655875,-6.538687883143822,5.533546106268414
834,6.73079933993531,-28.585106169405005,218.327801538427,-0.637410582666606,-20.327980782117137
835,5.256008769835341,4.121043820854471,102.35745577823111,-69.47537488298458,-166.63256527528992
836,-19.937162425963113,18.412978215506804,43.30624410841289,7.241489118074698,-95.62269903977736
837,2.860675954919256,57.55549275945564,-698.847951949908,13.342124967983725,9.33605037179539
838,-0.21041676322994243,6.320172847258606,-2.0904862365419814,91.52128803694528,7.348604302465576
839,-0.876767251705658,179.70178125336645,-34.70395748065839,-90.57478239191713,-2.1320526526309505
840,3.3108076379753673,0.9455740055036974,36.27670650880144,7.456627839944203,-19.00151872510146
841,-620.1047169938814,-5.931529260592074,3.205254895179658,320.200448320745,51.80202072262413
842,1.3796869496297355,6.890296726100798,20.327648735709822,27.191064116069377,2.290085203672864
843,183.64311389459246,-10.775575848615947,17.881983333966065,12.656221605528016,2.7032955798972726
844,10.273091750311407,0.16270940457311525,-34.96250539376935,255.79433495062005,-1.3786257850420518
845,167.18747318937943,-32.5705901541933,-37.420892135155796,-321.05978974145285,27.79285523969986
846,-26.74486339917723,-7.247568927207538,5.507383746383548,-2.435152950738785,87.20266372759448
847,-58.064572663360835,43.13758688530652,126.31923430630924,459.45244616845866,-12.923903143777654
848,-21.577625628495895,19.686814875769045,11.730969479394334,9971.889953871894,-23.09167783581135
849,-168.10613797236292,-2.2832068016935456,-5.073789116516222,36.242815124906045,-44.17606997987741
850,2.823798640365263,-7.952544738018251,-86.12292380394655,-35.17852432911532,0.13670463864270763
851,1280.3096227756487,4.953201687388461,-5.102762834114118,65.9950820276749,-166.38119625288311
852,-85.69238408378655,4.4799675678360655,11.009692596541388,111.07588440999501,85.93919568637824
853,-185.96791578238748,23.705339897629912,-120.63475457086376,6.154074397174723,-8.350758895122864
854,27.913331912430085,2.6322429687221627,225.95089623492578,-342.52097556807064,83.0485436314617
855,-8.78365225397282,8.144968795095364,-35.671785724148215,-9.658577700352167,-12.51422917966363
856,0.4664780180196244,-33.28729416532198,-64.44248758666579,61.51224692768279,76.90169322874976
857,2378.744027668447,-0.05106891817425466,-122.4138893125041,3.0186507776039835,15.656342242231016
858,-138.62246926792375,4671.0158448224765,-50.32088377270197,155.5123565536494,-3.1256774178109143
859,0.602000670081816,2.0920137091695876,22.928946150349358,39.627147109882436,-23.327216657839646
860,-25.39092762648782,-20.87280227594201,-1169.6032580385402,41.0204161954647,-51.05083684383438
861,-5.463925750460909,-39.83720295360269,1.3037314967379916,14.205763113755122,-4.7739456625906715
862,378.06073261839236,-2.403811921607127,-12.25824999305284,5.510013815174825,-2.4363967174848202
863,0.40836484474816953,-1.2865770896816644,9.563818802559418,-1.01387556489656,8.670731188719174
864,-162.08648046383234,61.82631458200692,-23.56734792626045,171.15326715880056,9.674940935714782
865,-16.45480788843849,-40.11753786189367,3.3415466595023937,-0.6127701829590687,3.810137550409297
866,217.50561523694645,1.8702761132712167,16.733898963658156,-7.67567411003066,-8.694222229780282
867,-731.8332261507937,48.83497181166541,9.36092251624843,23.369708157284688,-8.87300077579909
868,49.277493690169415,-1.863570283468735,160.4780266993298,246.75468983757366,9.324462508162778
869,23.910621319334467,26.841350696726398,-1.5250124975026427,-23.825845295730165,-8.550970958133687
870,-0.8464696790559532,-2.9828847763099766,39.95544943403158,-37.8476789322897,-3850.9830420971134
871,10.61408145460522,-4.3204597369628015,2.702462206509647,-5083.468654337105,105.55411475939265
872,-12.506813736650125,0.49826099042189775,-21.745755239495978,33.710071830049294,-1415.5516628156556
873,-94.06369351112454,1.3262804657441734,-0.35632538289631477,-655.2201974345422,7.086112904201446
874,853.2352257086507,-5.1319152458294255,20.867011205502287,-24.869092159862916,-14.44245013145675
875,209.3896805785677,361.6842930036271,7.472958863745287,3.921974678434952,-2.5881977371365315
876,-20.216360076770407,-0.7624998062905164,-23.302150341270647,-171.7496002007054,-725.6965376462532
877,16.183503795393616,-1.645162131864248,0.8237502687552242,-435.96028950925773,-11.245055336558714
878,316.6258744646464,-0.7908399598120542,41.80908701048201,10.543377853575247,15.327151466542329
879,-18.589129800912907,-27.796362887097324,-6.582074989034678,8.140902246018037,-97.40767099257376
880,8.619808627848581,11.906808608614675,-83.05899075071088,-2.129090832326294,294.48589371917495
881,12.139446915696428,3.165459806515662,21.251117197254377,0.2760620235290958,-84.67203518194795
882,-1.0008094401428174,-28.013075403000002,-6.891579320458614,21.10389433490366,35.43214242629515
883,29.524791074755484,-15.778560912037868,-152.56594767572489,-11.349403526088572,-2.603846484704511
884,-25.922213539490972,0.2728066105802377,-49.94793548789029,26.853811439482776,3.7140882694410906
885,-0.298605723402659,-64.38043588383728,1.8847479293730207,-414.12437041309636,-3.578668086497971
886,0.5231821507043961,0.010558317086435016,57.16610768635509,-0.7427750141082968,33.2400404624183
887,65.26888684481844,65.90084485011255,-20.790958430296293,-7.585769708887908,-478.68581223942346
888,96.63903044420897,1.8949122438159554,178.2562097656664,-11.556440662122705,-1009.1114573882471
889,-0.1356265998902573,-0.8435511666923434,-5.322720253936602,12.900101706912562,19.376782115179036
890,3296.5271795991252,106.56837210248008,57.30180518798067,224.47924792424118,-47.49978726703794
891,12.03019215677826,-17.06767598381276,13.23766780176352,-51.40537189030551,-2.6415158095437175
892,33.805106528852264,0.1654826510215537,66.62479860407903,-97.08232029537493,1.4415748088256795
893,-348.76183876892827,-47.24609860085207,5.874144986411814,109.5310878412904,-69.52698788271275
894,37.8957767408903,-6.114133900027788,129.94541782006206,73.12232022354328,38.70873075060843
895,-85.45174119408901,-1.2813540161059593,21.547683869184883,1.6381500447171424,-2.2351001005669286
896,8.464655022074274,0.11236827930242028,1.5718061028312718,0.32056776450271524,-226.05057233127997
897,85.9176384098384,-15.413243169147792,19.220397181267572,-47.81731108917282,-0.9261600301893012
898,-101.17450392859378,-115.46891727712602,30.298149568468126,-29.123382899029608,65.09756498019865
899,-70.02611115349016,-3.792958358932662,7.921439088920534,129.12431615335046,8.304029313786776
900,-656.9024875871048,14.968222251630657,-1080.6040080252103,-26.732433545750805,-85.38895526812554
901,27.48266641660599,-188.41592854436826,-16.815747296122403,-0.6881880333183411,57.85797287613519
902,0.8502474045009936,-1.9543684003430015,-38.91224447982216,-40.636975208218175,-1.1050721606823846
903,-13.816178990617992,30.478773941025658,-0.9705033891174422,-12.595423185886899,-51.46929166806852
904,-3.5319458033779383,-464.00248161851493,14.059128156056165,52.52001470501207,-1.0727859173678702
905,422.6356155882561,3.950860524797491,486.8006629364989,204.73564570528444,-334.4792000683494
906,-4.800530699924968,4.289381486774084,170.00172383831335,29.078405392593055,-45.56783966943274
907,5.360843130857018,-256.6184153826463,40.2476341476868,-1.4997631060467946,-33.15031377975448
908,157.9291735625041,163.95439354758955,-262.8514708332598,12.537673323031209,5613.488752002344
909,7.832610728474889,7.115514463621676,-118.78156835403844,-12.061226070047455,-183.4239359642338
910,28.68942493724977,1.8057123403516404,23.931315574996997,638.4732087275432,-10.571777170570316
911,-374.28407308322375,0.25640038223063666,-1.0902718007986911,20.551532607979784,3.546421287586025
912,-15.472542191993124,19.801880651344458,12.048818756460536,47.77059891915504,-23.477979396166422
913,-33.878131065101314,0.7313713403473745,13.110542086001773,-10.541401140645448,-3.163768155370321
914,2.3890003309939574,31.89314445979502,226.11001543749492,127.12925289628458,1.029786512722098
915,-13.015980362597924,-158.18389730389652,421.1067362295308,-20.603481177034126,6.57232021174958
916,-1078.4195757453874,5.398392442574922,-131.21614167952723,117.49434433697722,-0.2974725627759197
917,39.53708605694019,31.57896862029331,36.180177022873075,5.8897226777818785,4.579367026130857
918,9.62010400917989,17.912007631003494,38.87272798383807,3.8952329146808933,5.507748520396558
919,30.23304302875988,-5.844083468866831,41.08052919494297,-6.588269338308012,0.7659084099365155
920,-563.6763602464989,19.07600232366691,4.502953546595387,-184.3579250703752,-22.28321087388003
921,4791.508617706534,113.24524814956177,141.75802653712853,4.400259710858564,-12.382148472113627
922,11.709647907895677,15.621277550447447,-4.580259559168473,0.6510969462836106,-24.173405723338107
923,-11.195594967836035,-3.558432743697227,1.7782801198864324,-86.772201702522,22.30392750108445
924,40.88352730213141,-70.2215211208477,-9.450305197025573,3.116667442173854,8.518693281712864
925,133.68980586984847,-1.3001176291116738,-5.808683312897324,4.443762576793925,638.0405155577254
926,-92.3939861046815,3.113350084287035,1.0285011967267488,15.226852840333379,-16.30369223063113
927,103.5172847856683,-76.05852155729036,-474.50740717785834,-21.551485059988117,10.537050542098324
928,-131.46662793294993,-2.2022817567965753,0.7787242742103172,-2.6640481578736535,-1.5486792577072084
929,-1.532705041126589,0.23874405776744284,-85.45773821117021,-138.77882608774297,4.972190456407798
930,-83.66707114836137,-2.69506000394538,-4.615834770123908,2.8063053026332447,8.605712416056814
931,0.18597546230639786,3.1173617412556887,-43.24125513504359,5.33896888103415,-0.21194765993423373
932,-4.895850955355692,156.83764288363963,143.36330234471308,10.841227319123952,-221.44852621140348
933,2082.273622250803,34.56436791211428,-0.6097455739660839,74.38106850185898,78.89140741756852
934,0.7411912425338038,1.4006068584501852,-123.76550491019805,61.04495410671728,12.744179653213072
935,-55.2031161959685,4.422612115907553,22.167770497415432,-23.73935471955649,76.23806829998841
936,-142.0940380076519,-1.8071842035532968,9.413615134905388,-6.160072941687092,-30.453135185230934
937,7.843116369057007,12.454331953202296,28.64431678568377,-9.229721487659539,-339.46523714542917
938,-0.2354927394275115,2.4814554142272076,67.3198022856909,-5.0435664342140685,-0.9845369539671522
939,247.76754436527418,-40.344036037133854,-57.5827551587054,-84.60791550260853,23.894869229758086
940,-122.33378147731405,-0.44342154526493854,-48.94963360214361,-6.699575724317684,-68.78686230041998
941,48.87364032862127,-1.1999434332431513,42.14514788921671,-1.3827093836295596,1914.880138759969
942,-4.000182435763892,685.6841192537826,-2.654010321136123,72.90511235015055,17.815796671857274
943,-22.670540301693315,-12.024595132475502,-13.552322521959063,-7.20448343974093,19.838097684043092
944,-8.351147601165954,56.22284126976369,-5.766755937991445,1026.5000818383064,25.368963587878298
945,123.74031170088954,41.253813817022696,-6.735677447498735,1.9830900003620673,146.96752932091934
946,20.75626631865784,-12.53427279174444,-51.227536302938354,-6.061073167610681,-42.45942880378074
947,1.1101335204024985,-60.57574905864045,-1.019686295301966,-1.2892801020935958,-13.658677261444257
948,-58.3813258693225,0.047895223398591945,-76.40704326506564,-1.4097081785793328,9.261035584725024
949,31.138467344168216,0.40278269674581824,38.18126309552125,-3.391785259448376,0.7349178037708345
950,337.830509350757,0.18288482735403447,-14.005252353015884,111.29680232372345,71.98256317091615
951,56.05942131830807,5.2035899742591925,179.4583876073241,-39.02857124927146,0.5515495473511767
952,64.58123469820782,-6.196899279952749,381.99481560300785,38.72913619906357,-63.61688821301739
953,80.72030212265605,-1.2190587512105575,181.0882646792837,-97.928023751811,76.90787536352569
954,69.68284615045286,-0.3703022600083521,918.3465758078867,-15.312175079789364,1.4773988170470418
955,-52.7864576051725,-3.189541452223514,-83.95777273804019,-35.481573661639146,17.322794697265767
956,3.2137670969942462,-2.4289041750206684,-191.58381946758217,-10.10919700779254,-3.535747076184617
957,18.842773626294264,-0.7633709114590911,-158.6970939594748,54.77319124344223,-30.553293730909818
958,-21.04876715061454,-0.26313018956793016,-14.758234500443962,9.773774630669639,77.70638454275864
959,-4.5584197994638345,-0.489966474208565,-200.70711055111695,12.552683356040157,-471.77063600419615
960,-1.5624698826273806,-6.689635600560332,165.93771321880828,-12.763576617653753,-43.004752953012115
961,0.5845121478382612,-202.0843474594967,-3.3938454592417466,-44.40111440059606,-4.7166158347018
962,-36.57082078147,-0.06827347804010102,50.005546868973745,27.99539741420558,258.8396930757253
963,-67.40188038197168,682.1311202137143,29.813120595076406,160.8310545640857,-59.67041200471064
964,38.20982289653315,0.14077006508589035,72.63738178934034,-2.2673063588534177,-1.474127022961462
965,360.0255816195838,-108.168632959123,-322.12362265865715,-11.617385411414393,86.04455988077244
966,-185.8369174900156,-10.935479352288876,-0.7839888067976193,7.1849632918278035,161.85369603262615
967,-2183.0501942380597,-32.701469318006765,-32.83189207997727,33.97825264416246,-10.16037269512369
968,-70.72004232903319,2.100166031784142,-18.803721995722906,26.874750794932737,-10.313467572948111
969,3.424158910006274,-32.298144245197264,45.698271621439616,-4.021025175021655,46.840634116437606
970,3.898699654422083,-93.65064154853498,-2.1433516319592667,-11.632608201113902,-15.371542800551454
971,25.0677506244202,-94.7860826909745,-2029.99531963836,-47.19217627651563,2.2795380071593434
972,8.945142903459702,14.375128164931763,31.41427076658009,36.951098762490226,-44.850004859686905
973,-30.844291495810168,67.1181984333221,39.84543270567271,-170.52385140169417,0.38678738390445694
974,-13.497403102082181,-46.937582732894754,-61.90756575108085,-9.29134265548125,-5.303037014366106
975,15.530975015720125,-0.9154731301709028,-1.7851758056320426,95.34492963581215,-30.382555332194755
976,-66.32398377706934,32.908672903471704,303.8388705158038,694.4100475867497,-2.4458112623727075
977,3.6188281873693993,5.854621888334311,21.979233018613044,6.250371150935138,14.824883987903897
978,90.10772086214666,19.35458298861438,-71.88816587212244,-86.02932925503889,57.822151969934254
979,1.9311017213408979,0.5495166419839922,-2.9933932117546256,0.12504277607812483,-24.417853471499445
980,27.17670990952322,1.144640914868297,-6.291388711924026,179.57507756998186,-26.293501778583593
981,-33.073183996906316,-192.41409842154943,2.0187505189649126,26.06048508196793,4.408156447997032
982,555.1244375722874,-4.211667515464469,98.05683250253745,5.396449264433952,-0.5600963975474116
983,-3.0829554309892266,-1.3883918834102782,-9.285593821196683,40.913232126964694,4.911536469818402
984,367.41743198543713,1.9453084526262172,-19.00191947274312,-354.55372085367713,-560.5940848696912
985,13.000062582336827,7.4939364642448965,-11.773230091765281,-1105.4819425654177,-18.546196983262465
986,-19.790022134139285,97.81666682647736,184.98928089261435,81.52675791254993,1.105532299844294
987,3.565626319925389,-2.013191232730821,-19.15044978283247,-21.128723394980593,-1.5526949606719755
988,0.5031709781485059,3.7154686531012717,-376.9272569673181,-4.797247395916223,-300.8612256690128
989,212.87947700536597,10.327222196872615,-5.0650701648452925,-0.7311696786934859,-2.621521206302923
990,9.199972351609201,5.595588524136866,62.69586423715491,-2476.8953471415653,-111.6387369857642
991,-21.703360101782287,26.692481881134874,-0.7829167750074912,-33.37548723949136,68.20472594196738
992,65.93615054515747,-30.1266260128413,313.3290406482363,-265.853288388564,2.217715072582013
993,-18.121195134580034,-4.028744816610688,39.79189713122338,2.8207138193304253,-19.09849469727067
994,55.03929789306521,-1.5171567898770644,-16.989777821875798,19.58776777098189,-101.17826974338001
995,-18.915328180754425,-16.607630624987074,8.91905494269331,6.233933551412185,-3941.628601017264
996,-0.5965838860913031,-2.1789493110896734,-54.17058189905428,29.994877617836874,-51.02279120388798
997,-406.73401116548996,-20.24043024955223,290.04832639734775,-9.382430654091904,-5.239336909667008
998,1.6707892111143532,19.218529443555838,-5.203339908572176,-115.9624063441951,1358.1909389172215
999,3.987241018930108,-4.049958782184504,-24.312177255506995,-353.6796058015013,-3.0081559790293206
